iso_time,elapsed_s,mission_id,run_mode,event,hw_mode,lat,lng,yaw_deg,gps_fix,gps_ready,lidar_min_front_m,lidar_obstacle,pwm_l,pwm_r,enc_l,enc_r,wheel_speed_l_kph,wheel_speed_r_kph,wheel_speed_avg_kph,wp_idx,path_len,target_lat,target_lng,dist_to_target_m,battery_soc_pct,battery_voltage_v,battery_current_a,battery_temp_c,battery_status,follow_status,follow_debug,gps_step_m,gps_speed_mps,gps_jump_flag,speed_valid,battery_valid,row_quality,quality_flags
2026-06-20T13:41:16.186,0.186,mission_20260620_134116_auto,AUTO,MISSION_START,1,13.341715812683105,101.02135467529297,-93.9647155818063,4,True,-1.0,1,0,0,76890,-14063,0.0,0.0,0.0,0,1,13.341717720031738,101.02122497558594,14.034319731971664,96,26.200000762939453,-1.5,36.0,0,FOLLOW IDLE,"{""cmd"": ""STOP"", ""status"": ""READY"", ""detector"": ""yolo"", ""state"": ""IDLE"", ""owner"": ""Yellow"", ""score"": null, ""match_max"": 0.5, ""refs"": 22, ""match_mode"": ""osnet"", ""steer_zones"": 41, ""people"": 0, ""track_id"": null, ""target_ex"": 0.0, ""target_cx_vel_px_s"": 0.0, ""target_age_s"": null, ""lidar_min_m"": 3.16, ""target_lidar_m"": null, ""target_lidar_deg"": null, ""camera_range",,,0,1,1,GOOD,
2026-06-20T13:41:17.187,1.188,mission_20260620_134116_auto,AUTO,,1,13.341714859008789,101.02135467529297,-115.80946371744795,4,True,-1.0,1,-215,-215,76623,-13805,-1.5623999476432802,1.3751999974250795,-0.09360000193119049,0,4,13.341730117797852,101.02134704589844,1.88683990859155,96,26.200000762939453,-1.600000023841858,36.0,0,READY owner=Yellow refs=22,"{""cmd"": ""STOP"", ""status"": ""READY"", ""detector"": ""yolo"", ""state"": ""IDLE"", ""owner"": ""Yellow"", ""score"": null, ""match_max"": 0.5, ""refs"": 22, ""match_mode"": ""osnet"", ""steer_zones"": 41, ""people"": 0, ""track_id"": null, ""target_ex"": 0.0, ""target_cx_vel_px_s"": 0.0, ""target_age_s"": null, ""lidar_min_m"": 2.43, ""target_lidar_m"": null, ""target_lidar_deg"": null, ""camera_range",,,0,1,1,GOOD,
2026-06-20T13:41:18.190,2.191,mission_20260620_134116_auto,AUTO,,1,13.341713905334473,101.02135467529297,-129.20444822708345,4,True,2.9665000438690186,1,-215,-215,36,0,0.0,2.692800092697144,1.346400046348572,0,4,13.341730117797852,101.02134704589844,1.9827402631463118,96,25.399999618530273,-60.900001525878906,36.0,0,READY owner=Yellow refs=22,"{""cmd"": ""STOP"", ""status"": ""READY"", ""detector"": ""yolo"", ""state"": ""IDLE"", ""owner"": ""Yellow"", ""score"": null, ""match_max"": 0.5, ""refs"": 22, ""match_mode"": ""osnet"", ""steer_zones"": 41, ""people"": 0, ""track_id"": null, ""target_ex"": 0.0, ""target_cx_vel_px_s"": 0.0, ""target_age_s"": null, ""lidar_min_m"": 3.02, ""target_lidar_m"": null, ""target_lidar_deg"": null, ""camera_range",0.106,0.106,0,1,1,GOOD,
2026-06-20T13:41:19.190,3.191,mission_20260620_134116_auto,AUTO,,1,13.341712951660156,101.02135467529297,-129.10571101244173,4,True,-1.0,1,-215,-215,76420,-12488,0.0,3.29400007724762,1.648800015449524,0,4,13.341730117797852,101.02134704589844,2.079625834984404,96,25.399999618530273,-91.5999984741211,36.0,0,READY owner=Yellow refs=22,"{""cmd"": ""STOP"", ""status"": ""READY"", ""detector"": ""yolo"", ""state"": ""IDLE"", ""owner"": ""Yellow"", ""score"": null, ""match_max"": 0.5, ""refs"": 22, ""match_mode"": ""osnet"", ""steer_zones"": 41, ""people"": 0, ""track_id"": null, ""target_ex"": 0.0, ""target_cx_vel_px_s"": 0.0, ""target_age_s"": null, ""lidar_min_m"": 2.95, ""target_lidar_m"": null, ""target_lidar_deg"": null, ""camera_range",0.106,0.106,0,1,1,GOOD,
2026-06-20T13:41:20.192,4.193,mission_20260620_134116_auto,AUTO,,1,13.341712951660156,101.0213623046875,-129.01362640205164,4,True,1.722000002861023,1,-215,-215,76420,-11326,0.0,3.632399797439575,1.8179999828338624,0,4,13.341730117797852,101.02134704589844,2.5236810791510464,96,25.399999618530273,-82.5999984741211,36.0,0,READY owner=Yellow refs=22,"{""cmd"": ""STOP"", ""status"": ""READY"", ""detector"": ""yolo"", ""state"": ""IDLE"", ""owner"": ""Yellow"", ""score"": null, ""match_max"": 0.5, ""refs"": 22, ""match_mode"": ""osnet"", ""steer_zones"": 41, ""people"": 0, ""track_id"": null, ""target_ex"": 0.0, ""target_cx_vel_px_s"": 0.0, ""target_age_s"": null, ""lidar_min_m"": 2.96, ""target_lidar_m"": null, ""target_lidar_deg"": null, ""camera_range",0.825,0.824,1,1,1,USABLE,gps_jump
2026-06-20T13:41:25.205,9.206,mission_20260620_134116_auto,AUTO,,1,13.341704368591309,101.02135467529297,-155.95172856404184,4,True,2.743499994277954,1,-215,-215,77157,-7399,-0.6875999987125397,1.5947999596595765,0.4536000072956085,0,4,13.341730117797852,101.02134704589844,2.9797953645799837,96,25.299999237060547,-72.5999984741211,36.0,0,READY owner=Yellow refs=22,"{""cmd"": ""STOP"", ""status"": ""READY"", ""detector"": ""yolo"", ""state"": ""IDLE"", ""owner"": ""Yellow"", ""score"": null, ""match_max"": 0.5, ""refs"": 22, ""match_mode"": ""osnet"", ""steer_zones"": 41, ""people"": 0, ""track_id"": null, ""target_ex"": 0.0, ""target_cx_vel_px_s"": 0.0, ""target_age_s"": null, ""lidar_min_m"": 1.73, ""target_lidar_m"": null, ""target_lidar_deg"": null, ""camera_range",0.424,0.422,0,1,1,GOOD,
2026-06-20T13:41:27.212,11.212,mission_20260620_134116_auto,AUTO,,1,13.341703414916992,101.02135467529297,-173.33171864302957,4,True,3.005500078201294,1,-215,-215,76139,-7091,-2.541599893569946,0.48960002660751345,-1.0259999871253969,0,4,13.341730117797852,101.02134704589844,3.081829099262124,96,25.399999618530273,-87.5,36.0,0,READY owner=Yellow refs=22,"{""cmd"": ""STOP"", ""status"": ""READY"", ""detector"": ""yolo"", ""state"": ""IDLE"", ""owner"": ""Yellow"", ""score"": null, ""match_max"": 0.5, ""refs"": 22, ""match_mode"": ""osnet"", ""steer_zones"": 41, ""people"": 0, ""track_id"": null, ""target_ex"": 0.0, ""target_cx_vel_px_s"": 0.0, ""target_age_s"": null, ""lidar_min_m"": 1.71, ""target_lidar_m"": null, ""target_lidar_deg"": null, ""camera_range",0.0,0.0,0,1,1,GOOD,
2026-06-20T13:41:28.213,12.213,mission_20260620_134116_auto,AUTO,,1,13.341702461242676,101.02135467529297,-174.51334136944178,4,True,2.7209999561309814,1,-215,-215,75238,-7072,-2.7863999605178833,0.0,-0.0,0,4,13.341730117797852,101.02134704589844,3.184124892545919,96,25.399999618530273,-87.5,36.0,0,READY owner=Yellow refs=22,"{""cmd"": ""STOP"", ""status"": ""READY"", ""detector"": ""yolo"", ""state"": ""IDLE"", ""owner"": ""Yellow"", ""score"": null, ""match_max"": 0.5, ""refs"": 22, ""match_mode"": ""osnet"", ""steer_zones"": 41, ""people"": 0, ""track_id"": null, ""target_ex"": 0.0, ""target_cx_vel_px_s"": 0.0, ""target_age_s"": null, ""lidar_min_m"": 3.01, ""target_lidar_m"": null, ""target_lidar_deg"": null, ""camera_range",0.106,0.106,0,1,1,GOOD,
2026-06-20T13:41:29.215,13.216,mission_20260620_134116_auto,AUTO,,1,13.341702461242676,101.02135467529297,-175.3347809001625,4,True,3.015500068664551,1,-215,-215,-215,-215,-2.7179999828338626,0.0,-1.3320000171661377,0,4,13.341730117797852,101.02134704589844,3.184124892545919,96,25.299999237060547,-91.69999694824219,36.0,0,READY owner=Yellow refs=22,"{""cmd"": ""STOP"", ""status"": ""READY"", ""detector"": ""yolo"", ""state"": ""IDLE"", ""owner"": ""Yellow"", ""score"": null, ""match_max"": 0.5, ""refs"": 22, ""match_mode"": ""osnet"", ""steer_zones"": 41, ""people"": 0, ""track_id"": null, ""target_ex"": 0.0, ""target_cx_vel_px_s"": 0.0, ""target_age_s"": null, ""lidar_min_m"": 1.72, ""target_lidar_m"": null, ""target_lidar_deg"": null, ""camera_range",0.0,0.0,0,1,1,GOOD,
2026-06-20T13:41:30.255,14.256,mission_20260620_134116_auto,AUTO,,1,13.341702461242676,101.02135467529297,-175.96196985088812,4,True,3.0204999446868896,1,-215,-215,74053,-7068,-2.822399926185608,0.0,-1.411199963092804,0,4,13.341730117797852,101.02134704589844,3.184124892545919,96,25.299999237060547,-84.5,36.0,0,READY owner=Yellow refs=22,"{""cmd"": ""STOP"", ""status"": ""READY"", ""detector"": ""yolo"", ""state"": ""IDLE"", ""owner"": ""Yellow"", ""score"": null, ""match_max"": 0.5, ""refs"": 22, ""match_mode"": ""osnet"", ""steer_zones"": 41, ""people"": 0, ""track_id"": null, ""target_ex"": 0.0, ""target_cx_vel_px_s"": 0.0, ""target_age_s"": null, ""lidar_min_m"": null, ""target_lidar_m"": null, ""target_lidar_deg"": null, ""camera_range",0.0,0.0,0,1,1,GOOD,
2026-06-20T13:41:31.257,15.258,mission_20260620_134116_auto,AUTO,,1,13.341702461242676,101.02135467529297,-176.5674797811881,4,True,2.1445000171661377,1,-215,-215,72997,-7072,-2.750399994850159,0.0,-1.3751999974250795,0,4,13.341730117797852,101.02134704589844,3.184124892545919,96,25.299999237060547,-81.19999694824219,36.0,0,READY owner=Yellow refs=22,"{""cmd"": ""STOP"", ""status"": ""READY"", ""detector"": ""yolo"", ""state"": ""IDLE"", ""owner"": ""Yellow"", ""score"": null, ""match_max"": 0.5, ""refs"": 22, ""match_mode"": ""osnet"", ""steer_zones"": 41, ""people"": 0, ""track_id"": null, ""target_ex"": 0.0, ""target_cx_vel_px_s"": 0.0, ""target_age_s"": null, ""lidar_min_m"": 3.0, ""target_lidar_m"": null, ""target_lidar_deg"": null, ""camera_range_",0.0,0.0,0,1,1,GOOD,
2026-06-20T13:41:32.261,16.261,mission_20260620_134116_auto,AUTO,,1,13.341702461242676,101.02135467529297,-177.2386688105469,4,True,3.0969998836517334,1,-215,-215,72292,-7075,-2.9195999622344972,0.0,-1.4580000042915344,0,4,13.341730117797852,101.02134704589844,3.184124892545919,96,25.299999237060547,-81.19999694824219,36.0,0,READY owner=Yellow refs=22,"{""cmd"": ""STOP"", ""status"": ""READY"", ""detector"": ""yolo"", ""state"": ""IDLE"", ""owner"": ""Yellow"", ""score"": null, ""match_max"": 0.5, ""refs"": 22, ""match_mode"": ""osnet"", ""steer_zones"": 41, ""people"": 0, ""track_id"": null, ""target_ex"": 0.0, ""target_cx_vel_px_s"": 0.0, ""target_age_s"": null, ""lidar_min_m"": 1.74, ""target_lidar_m"": null, ""target_lidar_deg"": null, ""camera_range",0.0,0.0,0,1,1,GOOD,
2026-06-20T13:41:39.280,23.281,mission_20260620_134116_auto,AUTO,,1,13.341702461242676,101.02135467529297,178.99469678577884,4,True,2.9952499866485596,1,-215,-215,66661,-7096,-3.110400080680847,0.0,-1.5552000403404236,0,4,13.341730117797852,101.02134704589844,3.184124892545919,95,25.399999618530273,-73.0999984741211,37.0,0,READY owner=Yellow refs=22,"{""cmd"": ""STOP"", ""status"": ""READY"", ""detector"": ""yolo"", ""state"": ""IDLE"", ""owner"": ""Yellow"", ""score"": null, ""match_max"": 0.5, ""refs"": 22, ""match_mode"": ""osnet"", ""steer_zones"": 41, ""people"": 0, ""track_id"": null, ""target_ex"": 0.0, ""target_cx_vel_px_s"": 0.0, ""target_age_s"": null, ""lidar_min_m"": 3.65, ""target_lidar_m"": null, ""target_lidar_deg"": null, ""camera_range",0.0,0.0,0,1,1,GOOD,
2026-06-20T13:41:42.306,26.306,mission_20260620_134116_auto,AUTO,,1,13.341702461242676,101.02135467529297,177.5529941161509,4,True,3.118000030517578,1,-215,-215,64269,-7099,-3.1428000926971436,0.0,-1.573200023174286,0,4,13.341730117797852,101.02134704589844,3.184124892545919,95,25.399999618530273,-71.30000305175781,37.0,0,READY owner=Yellow refs=22,"{""cmd"": ""STOP"", ""status"": ""READY"", ""detector"": ""yolo"", ""state"": ""IDLE"", ""owner"": ""Yellow"", ""score"": null, ""match_max"": 0.5, ""refs"": 22, ""match_mode"": ""osnet"", ""steer_zones"": 41, ""people"": 0, ""track_id"": null, ""target_ex"": 0.0, ""target_cx_vel_px_s"": 0.0, ""target_age_s"": null, ""lidar_min_m"": 2.98, ""target_lidar_m"": null, ""target_lidar_deg"": null, ""camera_range",0.0,0.0,0,1,1,GOOD,
2026-06-20T13:41:43.312,27.312,mission_20260620_134116_auto,AUTO,,1,13.341702461242676,101.02135467529297,177.02592207827934,4,True,3.1085000038146973,1,-215,-215,63460,-7099,-2.9915998935699464,0.0,-1.4976000308990478,0,4,13.341730117797852,101.02134704589844,3.184124892545919,95,25.399999618530273,-70.4000015258789,37.0,0,READY owner=Yellow refs=22,"{""cmd"": ""STOP"", ""status"": ""READY"", ""detector"": ""yolo"", ""state"": ""IDLE"", ""owner"": ""Yellow"", ""score"": null, ""match_max"": 0.5, ""refs"": 22, ""match_mode"": ""osnet"", ""steer_zones"": 41, ""people"": 0, ""track_id"": null, ""target_ex"": 0.0, ""target_cx_vel_px_s"": 0.0, ""target_age_s"": null, ""lidar_min_m"": 2.56, ""target_lidar_m"": null, ""target_lidar_deg"": null, ""camera_range",0.0,0.0,0,1,1,GOOD,
2026-06-20T13:41:44.344,28.344,mission_20260620_134116_auto,AUTO,,1,13.341702461242676,101.02135467529297,176.6186788792065,4,True,3.171999931335449,1,-215,-215,63042,-7099,-3.1247998952865603,0.0,-1.5623999476432802,0,4,13.341730117797852,101.02134704589844,3.184124892545919,95,25.399999618530273,-70.4000015258789,37.0,0,READY owner=Yellow refs=22,"{""cmd"": ""STOP"", ""status"": ""READY"", ""detector"": ""yolo"", ""state"": ""IDLE"", ""owner"": ""Yellow"", ""score"": null, ""match_max"": 0.5, ""refs"": 22, ""match_mode"": ""osnet"", ""steer_zones"": 41, ""people"": 0, ""track_id"": null, ""target_ex"": 0.0, ""target_cx_vel_px_s"": 0.0, ""target_age_s"": null, ""lidar_min_m"": 1.76, ""target_lidar_m"": null, ""target_lidar_deg"": null, ""camera_range",0.0,0.0,0,1,1,GOOD,
2026-06-20T13:41:45.350,29.35,mission_20260620_134116_auto,AUTO,,1,13.341702461242676,101.02135467529297,174.62282930183707,4,True,3.1710000038146973,1,-215,-215,61933,-7061,-2.67479989528656,0.0,-1.3355999708175659,0,4,13.341730117797852,101.02134704589844,3.184124892545919,95,25.399999618530273,-70.9000015258789,37.0,0,READY owner=Yellow refs=22,"{""cmd"": ""STOP"", ""status"": ""READY"", ""detector"": ""yolo"", ""state"": ""IDLE"", ""owner"": ""Yellow"", ""score"": null, ""match_max"": 0.5, ""refs"": 22, ""match_mode"": ""osnet"", ""steer_zones"": 41, ""people"": 0, ""track_id"": null, ""target_ex"": 0.0, ""target_cx_vel_px_s"": 0.0, ""target_age_s"": null, ""lidar_min_m"": 1.75, ""target_lidar_m"": null, ""target_lidar_deg"": null, ""camera_range",0.0,0.0,0,1,1,GOOD,
2026-06-20T13:41:47.390,31.39,mission_20260620_134116_auto,AUTO,,1,13.341702461242676,101.02135467529297,171.33342385793728,4,True,2.680000066757202,1,-215,-215,60512,-6910,0.0,1.036799955368042,0.0,0,4,13.341730117797852,101.02134704589844,3.184124892545919,95,25.700000762939453,-61.599998474121094,37.0,0,READY owner=Yellow refs=22,"{""cmd"": ""STOP"", ""status"": ""READY"", ""detector"": ""yolo"", ""state"": ""IDLE"", ""owner"": ""Yellow"", ""score"": null, ""match_max"": 0.5, ""refs"": 22, ""match_mode"": ""osnet"", ""steer_zones"": 41, ""people"": 0, ""track_id"": null, ""target_ex"": 0.0, ""target_cx_vel_px_s"": 0.0, ""target_age_s"": null, ""lidar_min_m"": 1.13, ""target_lidar_m"": null, ""target_lidar_deg"": null, ""camera_range",0.0,0.0,0,1,1,GOOD,
2026-06-20T13:41:49.393,33.393,mission_20260620_134116_auto,AUTO,,1,13.34170150756836,101.02135467529297,163.38350713577097,4,True,2.6740000247955322,1,-215,-215,59663,-6836,-2.65319995880127,0.0,-1.3283999562263489,0,4,13.341730117797852,101.02134704589844,3.286658275146301,95,25.399999618530273,-59.900001525878906,37.0,0,READY owner=Yellow refs=22,"{""cmd"": ""STOP"", ""status"": ""READY"", ""detector"": ""yolo"", ""state"": ""IDLE"", ""owner"": ""Yellow"", ""score"": null, ""match_max"": 0.5, ""refs"": 22, ""match_mode"": ""osnet"", ""steer_zones"": 41, ""people"": 0, ""track_id"": null, ""target_ex"": 0.0, ""target_cx_vel_px_s"": 0.0, ""target_age_s"": null, ""lidar_min_m"": 1.34, ""target_lidar_m"": null, ""target_lidar_deg"": null, ""camera_range",0.0,0.0,0,1,1,GOOD,
2026-06-20T13:41:50.395,34.396,mission_20260620_134116_auto,AUTO,,1,13.34170150756836,101.02135467529297,160.12881271323317,4,True,2.6695001125335693,1,-215,-215,58568,-6779,-2.9915998935699464,0.0,-1.4976000308990478,0,4,13.341730117797852,101.02134704589844,3.286658275146301,95,25.399999618530273,-68.9000015258789,37.0,0,READY owner=Yellow refs=22,"{""cmd"": ""STOP"", ""status"": ""READY"", ""detector"": ""yolo"", ""state"": ""IDLE"", ""owner"": ""Yellow"", ""score"": null, ""match_max"": 0.5, ""refs"": 22, ""match_mode"": ""osnet"", ""steer_zones"": 41, ""people"": 0, ""track_id"": null, ""target_ex"": 0.0, ""target_cx_vel_px_s"": 0.0, ""target_age_s"": null, ""lidar_min_m"": 1.26, ""target_lidar_m"": null, ""target_lidar_deg"": null, ""camera_range",0.0,0.0,0,1,1,GOOD,
2026-06-20T13:41:53.403,37.403,mission_20260620_134116_auto,AUTO,,1,13.341695785522461,101.02135467529297,145.73058269754955,4,True,1.930999994277954,1,-215,-215,58630,-5361,3.1824000120162963,4.348799800872803,3.7656000137329104,0,4,13.341730117797852,101.02134704589844,3.905797220392061,95,25.899999618530273,-34.70000076293945,37.0,0,READY owner=Yellow refs=22,"{""cmd"": ""STOP"", ""status"": ""READY"", ""detector"": ""yolo"", ""state"": ""IDLE"", ""owner"": ""Yellow"", ""score"": null, ""match_max"": 0.5, ""refs"": 22, ""match_mode"": ""osnet"", ""steer_zones"": 41, ""people"": 0, ""track_id"": null, ""target_ex"": 0.0, ""target_cx_vel_px_s"": 0.0, ""target_age_s"": null, ""lidar_min_m"": 2.0, ""target_lidar_m"": null, ""target_lidar_deg"": null, ""camera_range_",0.53,0.53,0,1,1,GOOD,
2026-06-20T13:41:55.455,39.456,mission_20260620_134116_auto,AUTO,,1,13.341691970825195,101.02135467529297,131.39957540367718,4,True,1.7615000009536743,1,-215,-215,58528,-4237,0.0,2.0519999742507937,1.0259999871253969,0,4,13.341730117797852,101.02134704589844,4.32132107570731,95,25.600000381469727,-78.9000015258789,37.0,0,READY owner=Yellow refs=22,"{""cmd"": ""STOP"", ""status"": ""READY"", ""detector"": ""yolo"", ""state"": ""IDLE"", ""owner"": ""Yellow"", ""score"": null, ""match_max"": 0.5, ""refs"": 22, ""match_mode"": ""osnet"", ""steer_zones"": 41, ""people"": 0, ""track_id"": null, ""target_ex"": 0.0, ""target_cx_vel_px_s"": 0.0, ""target_age_s"": null, ""lidar_min_m"": 2.63, ""target_lidar_m"": null, ""target_lidar_deg"": null, ""camera_range",0.106,0.106,0,1,1,GOOD,
2026-06-20T13:41:56.488,40.489,mission_20260620_134116_auto,AUTO,,1,13.341691017150879,101.02135467529297,130.86468962939512,4,True,1.7567499876022339,1,-215,-215,58528,-3416,0.0,3.106799912452698,1.5515999794006348,0,4,13.341730117797852,101.02134704589844,4.425458529626957,95,25.600000381469727,-78.4000015258789,37.0,0,READY owner=Yellow refs=22,"{""cmd"": ""STOP"", ""status"": ""READY"", ""detector"": ""yolo"", ""state"": ""IDLE"", ""owner"": ""Yellow"", ""score"": null, ""match_max"": 0.5, ""refs"": 22, ""match_mode"": ""osnet"", ""steer_zones"": 41, ""people"": 0, ""track_id"": null, ""target_ex"": 0.0, ""target_cx_vel_px_s"": 0.0, ""target_age_s"": null, ""lidar_min_m"": 1.76, ""target_lidar_m"": null, ""target_lidar_deg"": null, ""camera_range",0.106,0.103,0,1,1,GOOD,
2026-06-20T13:41:57.489,41.489,mission_20260620_134116_auto,AUTO,,1,13.341691017150879,101.02135467529297,130.36399578209816,4,True,1.746500015258789,1,-215,-215,58527,-2779,0.0,2.973599910736084,1.486799955368042,0,4,13.341730117797852,101.02134704589844,4.425458529626957,95,25.299999237060547,-83.0,37.0,0,READY owner=Yellow refs=22,"{""cmd"": ""STOP"", ""status"": ""READY"", ""detector"": ""yolo"", ""state"": ""IDLE"", ""owner"": ""Yellow"", ""score"": null, ""match_max"": 0.5, ""refs"": 22, ""match_mode"": ""osnet"", ""steer_zones"": 41, ""people"": 0, ""track_id"": null, ""target_ex"": 0.0, ""target_cx_vel_px_s"": 0.0, ""target_age_s"": null, ""lidar_min_m"": 2.02, ""target_lidar_m"": null, ""target_lidar_deg"": null, ""camera_range",0.0,0.0,0,1,1,GOOD,
2026-06-20T13:41:58.490,42.49,mission_20260620_134116_auto,AUTO,,1,13.341691017150879,101.02135467529297,130.30360324945693,4,True,1.753000020980835,1,-154,230,58559,-1844,0.0,2.6351999759674074,1.3175999879837037,0,4,13.341730117797852,101.02134704589844,4.425458529626957,95,25.299999237060547,-83.19999694824219,37.0,0,READY owner=Yellow refs=22,"{""cmd"": ""STOP"", ""status"": ""READY"", ""detector"": ""yolo"", ""state"": ""IDLE"", ""owner"": ""Yellow"", ""score"": null, ""match_max"": 0.5, ""refs"": 22, ""match_mode"": ""osnet"", ""steer_zones"": 41, ""people"": 0, ""track_id"": null, ""target_ex"": 0.0, ""target_cx_vel_px_s"": 0.0, ""target_age_s"": null, ""lidar_min_m"": 5.97, ""target_lidar_m"": null, ""target_lidar_deg"": null, ""camera_range",0.0,0.0,0,1,1,GOOD,
2026-06-20T13:41:59.495,43.496,mission_20260620_134116_auto,AUTO,,1,13.34168815612793,101.02135467529297,131.60875677719798,4,True,1.4149999618530273,1,-140,230,58982,-1438,2.4156000137329103,2.998800015449524,2.7071999073028565,0,4,13.341730117797852,101.02134704589844,4.738378265150155,95,25.600000381469727,-61.70000076293945,37.0,0,READY owner=Yellow refs=22,"{""cmd"": ""STOP"", ""status"": ""READY"", ""detector"": ""yolo"", ""state"": ""IDLE"", ""owner"": ""Yellow"", ""score"": null, ""match_max"": 0.5, ""refs"": 22, ""match_mode"": ""osnet"", ""steer_zones"": 41, ""people"": 0, ""track_id"": null, ""target_ex"": 0.0, ""target_cx_vel_px_s"": 0.0, ""target_age_s"": null, ""lidar_min_m"": 1.41, ""target_lidar_m"": null, ""target_lidar_deg"": null, ""camera_range",0.318,0.316,0,1,1,GOOD,
2026-06-20T13:42:00.551,44.552,mission_20260620_134116_auto,AUTO,,1,13.341683387756348,101.0213623046875,111.27973690140887,4,True,1.0,1,-215,-215,37,0,0.6948000133037567,3.9168002128601076,2.307599902153015,0,4,13.341730117797852,101.02134704589844,5.452100949134938,95,25.5,-36.29999923706055,37.0,0,READY owner=Yellow refs=22,"{""cmd"": ""STOP"", ""status"": ""READY"", ""detector"": ""yolo"", ""state"": ""IDLE"", ""owner"": ""Yellow"", ""score"": null, ""match_max"": 0.5, ""refs"": 22, ""match_mode"": ""osnet"", ""steer_zones"": 41, ""people"": 0, ""track_id"": null, ""target_ex"": 0.0, ""target_cx_vel_px_s"": 0.0, ""target_age_s"": null, ""lidar_min_m"": 1.41, ""target_lidar_m"": null, ""target_lidar_deg"": null, ""camera_range",0.981,0.929,1,1,1,USABLE,gps_jump
2026-06-20T13:42:01.555,45.555,mission_20260620_134116_auto,AUTO,,1,13.341681480407715,101.0213623046875,97.23070713723129,4,True,1.2332500219345093,1,-215,-215,-215,-215,-0.6408000111579896,0.8856000244617462,0.12240000665187836,0,4,13.341730117797852,101.02134704589844,5.6545963586810695,95,25.200000762939453,-83.19999694824219,37.0,0,READY owner=Yellow refs=22,"{""cmd"": ""STOP"", ""status"": ""READY"", ""detector"": ""yolo"", ""state"": ""IDLE"", ""owner"": ""Yellow"", ""score"": null, ""match_max"": 0.5, ""refs"": 22, ""match_mode"": ""osnet"", ""steer_zones"": 41, ""people"": 0, ""track_id"": null, ""target_ex"": 0.0, ""target_cx_vel_px_s"": 0.0, ""target_age_s"": null, ""lidar_min_m"": 1.16, ""target_lidar_m"": null, ""target_lidar_deg"": null, ""camera_range",0.212,0.211,0,1,1,GOOD,
2026-06-20T13:42:02.556,46.556,mission_20260620_134116_auto,AUTO,,1,13.341681480407715,101.0213623046875,94.59624853284402,4,True,1.2274999618530273,1,-215,-215,58655,-34,-2.8980000257492065,0.0,-1.4507999897003174,0,4,13.341730117797852,101.02134704589844,5.6545963586810695,95,25.299999237060547,-92.69999694824219,37.0,0,READY owner=Yellow refs=22,"{""cmd"": ""STOP"", ""status"": ""READY"", ""detector"": ""yolo"", ""state"": ""IDLE"", ""owner"": ""Yellow"", ""score"": null, ""match_max"": 0.5, ""refs"": 22, ""match_mode"": ""osnet"", ""steer_zones"": 41, ""people"": 0, ""track_id"": null, ""target_ex"": 0.0, ""target_cx_vel_px_s"": 0.0, ""target_age_s"": null, ""lidar_min_m"": 1.2, ""target_lidar_m"": null, ""target_lidar_deg"": null, ""camera_range_",0.0,0.0,0,1,1,GOOD,
2026-06-20T13:42:03.560,47.56,mission_20260620_134116_auto,AUTO,,1,13.341681480407715,101.0213623046875,94.1489804252349,4,True,0.9495000243186951,1,-215,-215,58052,-33,-3.218399977684021,0.0,-1.6091999888420105,0,4,13.341730117797852,101.02134704589844,5.6545963586810695,95,25.399999618530273,-72.9000015258789,37.0,0,READY owner=Yellow refs=22,"{""cmd"": ""STOP"", ""status"": ""READY"", ""detector"": ""yolo"", ""state"": ""IDLE"", ""owner"": ""Yellow"", ""score"": null, ""match_max"": 0.5, ""refs"": 22, ""match_mode"": ""osnet"", ""steer_zones"": 41, ""people"": 0, ""track_id"": null, ""target_ex"": 0.0, ""target_cx_vel_px_s"": 0.0, ""target_age_s"": null, ""lidar_min_m"": 1.2, ""target_lidar_m"": null, ""target_lidar_deg"": null, ""camera_range_",0.0,0.0,0,1,1,GOOD,
2026-06-20T13:42:04.560,48.56,mission_20260620_134116_auto,AUTO,,1,13.341680526733398,101.0213623046875,93.7049908084274,4,True,1.000499963760376,1,-215,-215,56829,-30,-3.29400007724762,0.0,-1.648800015449524,0,4,13.341730117797852,101.02134704589844,5.756103145150612,95,25.399999618530273,-71.0,37.0,0,READY owner=Yellow refs=22,"{""cmd"": ""STOP"", ""status"": ""READY"", ""detector"": ""yolo"", ""state"": ""IDLE"", ""owner"": ""Yellow"", ""score"": null, ""match_max"": 0.5, ""refs"": 22, ""match_mode"": ""osnet"", ""steer_zones"": 41, ""people"": 0, ""track_id"": null, ""target_ex"": 0.0, ""target_cx_vel_px_s"": 0.0, ""target_age_s"": null, ""lidar_min_m"": 1.2, ""target_lidar_m"": null, ""target_lidar_deg"": null, ""camera_range_",0.106,0.106,0,1,1,GOOD,
2026-06-20T13:42:05.560,49.56,mission_20260620_134116_auto,AUTO,,1,13.341680526733398,101.0213623046875,93.29769979803037,4,True,1.128499984741211,1,-215,-215,55952,-28,-3.445200061798096,0.0,-1.7207999467849733,0,4,13.341730117797852,101.02134704589844,5.756103145150612,95,25.399999618530273,-74.5999984741211,37.0,0,READY owner=Yellow refs=22,"{""cmd"": ""STOP"", ""status"": ""READY"", ""detector"": ""yolo"", ""state"": ""IDLE"", ""owner"": ""Yellow"", ""score"": null, ""match_max"": 0.5, ""refs"": 22, ""match_mode"": ""osnet"", ""steer_zones"": 41, ""people"": 0, ""track_id"": null, ""target_ex"": 0.0, ""target_cx_vel_px_s"": 0.0, ""target_age_s"": null, ""lidar_min_m"": 1.2, ""target_lidar_m"": null, ""target_lidar_deg"": null, ""camera_range_",0.0,0.0,0,1,1,GOOD,
2026-06-20T13:42:06.565,50.565,mission_20260620_134116_auto,AUTO,,1,13.341680526733398,101.0213623046875,89.69729535065237,4,True,1.1150000095367432,1,-215,-215,55227,47,-1.7496000051498413,0.0,-0.8748000025749206,0,4,13.341730117797852,101.02134704589844,5.756103145150612,95,25.399999618530273,-73.5999984741211,37.0,0,READY owner=Yellow refs=22,"{""cmd"": ""STOP"", ""status"": ""READY"", ""detector"": ""yolo"", ""state"": ""IDLE"", ""owner"": ""Yellow"", ""score"": null, ""match_max"": 0.5, ""refs"": 22, ""match_mode"": ""osnet"", ""steer_zones"": 41, ""people"": 0, ""track_id"": null, ""target_ex"": 0.0, ""target_cx_vel_px_s"": 0.0, ""target_age_s"": null, ""lidar_min_m"": 0.18, ""target_lidar_m"": null, ""target_lidar_deg"": null, ""camera_range",0.0,0.0,0,1,1,GOOD,
2026-06-20T13:42:07.568,51.568,mission_20260620_134116_auto,AUTO,,1,13.341680526733398,101.0213623046875,89.54428545286575,4,True,0.8934999704360962,1,-215,-215,-215,-215,-3.1247998952865603,0.0,-1.5623999476432802,0,4,13.341730117797852,101.02134704589844,5.756103145150612,95,25.399999618530273,-74.80000305175781,37.0,0,READY owner=Yellow refs=22,"{""cmd"": ""STOP"", ""status"": ""READY"", ""detector"": ""yolo"", ""state"": ""IDLE"", ""owner"": ""Yellow"", ""score"": null, ""match_max"": 0.5, ""refs"": 22, ""match_mode"": ""osnet"", ""steer_zones"": 41, ""people"": 0, ""track_id"": null, ""target_ex"": 0.0, ""target_cx_vel_px_s"": 0.0, ""target_age_s"": null, ""lidar_min_m"": 1.2, ""target_lidar_m"": null, ""target_lidar_deg"": null, ""camera_range_",0.0,0.0,0,1,1,GOOD,
2026-06-20T13:42:08.570,52.57,mission_20260620_134116_auto,AUTO,,1,13.341680526733398,101.0213623046875,85.11382177603444,4,True,1.0870000123977661,1,-215,-215,138,0,-2.4480000257492067,0.0,-1.2240000128746034,0,4,13.341730117797852,101.02134704589844,5.756103145150612,95,25.200000762939453,-77.80000305175781,37.0,0,READY owner=Yellow refs=22,"{""cmd"": ""STOP"", ""status"": ""READY"", ""detector"": ""yolo"", ""state"": ""IDLE"", ""owner"": ""Yellow"", ""score"": null, ""match_max"": 0.5, ""refs"": 22, ""match_mode"": ""osnet"", ""steer_zones"": 41, ""people"": 0, ""track_id"": null, ""target_ex"": 0.0, ""target_cx_vel_px_s"": 0.0, ""target_age_s"": null, ""lidar_min_m"": 1.18, ""target_lidar_m"": null, ""target_lidar_deg"": null, ""camera_range",0.0,0.0,0,1,1,GOOD,
2026-06-20T13:42:09.570,53.571,mission_20260620_134116_auto,AUTO,,1,13.341680526733398,101.0213623046875,81.09217907197426,4,True,0.777999997138977,1,-215,-215,53559,228,-1.4687999725341798,0.0,-0.7343999862670899,0,4,13.341730117797852,101.02134704589844,5.756103145150612,95,25.200000762939453,-76.19999694824219,37.0,0,READY owner=Yellow refs=22,"{""cmd"": ""STOP"", ""status"": ""READY"", ""detector"": ""yolo"", ""state"": ""IDLE"", ""owner"": ""Yellow"", ""score"": null, ""match_max"": 0.5, ""refs"": 22, ""match_mode"": ""osnet"", ""steer_zones"": 41, ""people"": 0, ""track_id"": null, ""target_ex"": 0.0, ""target_cx_vel_px_s"": 0.0, ""target_age_s"": null, ""lidar_min_m"": 1.17, ""target_lidar_m"": null, ""target_lidar_deg"": null, ""camera_range",0.0,0.0,0,1,1,GOOD,
2026-06-20T13:42:10.576,54.577,mission_20260620_134116_auto,AUTO,,1,13.341680526733398,101.0213623046875,80.8799787548403,4,True,-1.0,1,-215,-215,53022,227,-3.067199993133545,0.0,-1.5335999965667726,0,4,13.341730117797852,101.02134704589844,5.756103145150612,95,25.399999618530273,-80.0,37.0,0,READY owner=Yellow refs=22,"{""cmd"": ""STOP"", ""status"": ""READY"", ""detector"": ""yolo"", ""state"": ""IDLE"", ""owner"": ""Yellow"", ""score"": null, ""match_max"": 0.5, ""refs"": 22, ""match_mode"": ""osnet"", ""steer_zones"": 41, ""people"": 0, ""track_id"": null, ""target_ex"": 0.0, ""target_cx_vel_px_s"": 0.0, ""target_age_s"": null, ""lidar_min_m"": 1.17, ""target_lidar_m"": null, ""target_lidar_deg"": null, ""camera_range",0.0,0.0,0,1,1,GOOD,
2026-06-20T13:42:11.581,55.581,mission_20260620_134116_auto,AUTO,,1,13.341680526733398,101.0213623046875,79.32975120949001,4,True,1.0355000495910645,1,-215,-215,51953,280,-2.692800092697144,0.0,-1.346400046348572,0,4,13.341730117797852,101.02134704589844,5.756103145150612,95,25.399999618530273,-70.4000015258789,37.0,0,READY owner=Yellow refs=22,"{""cmd"": ""STOP"", ""status"": ""READY"", ""detector"": ""yolo"", ""state"": ""IDLE"", ""owner"": ""Yellow"", ""score"": null, ""match_max"": 0.5, ""refs"": 22, ""match_mode"": ""osnet"", ""steer_zones"": 41, ""people"": 0, ""track_id"": null, ""target_ex"": 0.0, ""target_cx_vel_px_s"": 0.0, ""target_age_s"": null, ""lidar_min_m"": 1.17, ""target_lidar_m"": null, ""target_lidar_deg"": null, ""camera_range",0.0,0.0,0,1,1,GOOD,
2026-06-20T13:42:12.590,56.591,mission_20260620_134116_auto,AUTO,,1,13.341680526733398,101.0213623046875,77.70982841384892,4,True,0.796999990940094,1,-215,-215,51338,296,-2.7863999605178833,0.0,-1.3931999802589417,0,4,13.341730117797852,101.02134704589844,5.756103145150612,95,25.399999618530273,-73.0999984741211,37.0,0,READY owner=Yellow refs=22,"{""cmd"": ""STOP"", ""status"": ""READY"", ""detector"": ""yolo"", ""state"": ""IDLE"", ""owner"": ""Yellow"", ""score"": null, ""match_max"": 0.5, ""refs"": 22, ""match_mode"": ""osnet"", ""steer_zones"": 41, ""people"": 0, ""track_id"": null, ""target_ex"": 0.0, ""target_cx_vel_px_s"": 0.0, ""target_age_s"": null, ""lidar_min_m"": 1.18, ""target_lidar_m"": null, ""target_lidar_deg"": null, ""camera_range",0.0,0.0,0,1,1,GOOD,
2026-06-20T13:42:13.617,57.617,mission_20260620_134116_auto,AUTO,,1,13.341680526733398,101.0213623046875,77.61553082216773,4,True,0.9592499732971191,1,-215,-215,50697,300,-2.55960009098053,0.0,-1.2816000223159791,0,4,13.341730117797852,101.02134704589844,5.756103145150612,95,25.399999618530273,-72.5,37.0,0,READY owner=Yellow refs=22,"{""cmd"": ""STOP"", ""status"": ""READY"", ""detector"": ""yolo"", ""state"": ""IDLE"", ""owner"": ""Yellow"", ""score"": null, ""match_max"": 0.5, ""refs"": 22, ""match_mode"": ""osnet"", ""steer_zones"": 41, ""people"": 0, ""track_id"": null, ""target_ex"": 0.0, ""target_cx_vel_px_s"": 0.0, ""target_age_s"": null, ""lidar_min_m"": 1.17, ""target_lidar_m"": null, ""target_lidar_deg"": null, ""camera_range",0.0,0.0,0,1,1,GOOD,
2026-06-20T13:42:14.620,58.621,mission_20260620_134116_auto,AUTO,,1,13.341680526733398,101.0213623046875,76.91611945115842,4,True,1.0264999866485596,1,-215,-215,37,0,-3.2003999948501587,0.0,-1.6019999742507935,0,4,13.341730117797852,101.02134704589844,5.756103145150612,95,25.399999618530273,-69.9000015258789,37.0,0,READY owner=Yellow refs=22,"{""cmd"": ""STOP"", ""status"": ""READY"", ""detector"": ""yolo"", ""state"": ""IDLE"", ""owner"": ""Yellow"", ""score"": null, ""match_max"": 0.5, ""refs"": 22, ""match_mode"": ""osnet"", ""steer_zones"": 41, ""people"": 0, ""track_id"": null, ""target_ex"": 0.0, ""target_cx_vel_px_s"": 0.0, ""target_age_s"": null, ""lidar_min_m"": 1.16, ""target_lidar_m"": null, ""target_lidar_deg"": null, ""camera_range",0.0,0.0,0,1,1,GOOD,
2026-06-20T13:42:15.625,59.625,mission_20260620_134116_auto,AUTO,,1,13.341680526733398,101.0213623046875,72.9453889771715,4,True,1.0099999904632568,1,-215,-215,49520,393,0.0,0.3959999978542328,0.1979999989271164,0,4,13.341730117797852,101.02134704589844,5.756103145150612,95,25.399999618530273,-72.4000015258789,37.0,0,READY owner=Yellow refs=22,"{""cmd"": ""STOP"", ""status"": ""READY"", ""detector"": ""yolo"", ""state"": ""IDLE"", ""owner"": ""Yellow"", ""score"": null, ""match_max"": 0.5, ""refs"": 22, ""match_mode"": ""osnet"", ""steer_zones"": 41, ""people"": 0, ""track_id"": null, ""target_ex"": 0.0, ""target_cx_vel_px_s"": 0.0, ""target_age_s"": null, ""lidar_min_m"": 0.18, ""target_lidar_m"": null, ""target_lidar_deg"": null, ""camera_range",0.0,0.0,0,1,1,GOOD,
2026-06-20T13:42:16.634,60.635,mission_20260620_134116_auto,AUTO,,1,13.341680526733398,101.0213623046875,68.93220204730379,4,True,0.7574999928474426,1,-215,-215,49262,520,-0.6587999939918519,0.0,-0.3312000006437302,0,4,13.341730117797852,101.02134704589844,5.756103145150612,95,25.200000762939453,-87.5999984741211,37.0,0,READY owner=Yellow refs=22,"{""cmd"": ""STOP"", ""status"": ""READY"", ""detector"": ""yolo"", ""state"": ""IDLE"", ""owner"": ""Yellow"", ""score"": null, ""match_max"": 0.5, ""refs"": 22, ""match_mode"": ""osnet"", ""steer_zones"": 41, ""people"": 0, ""track_id"": null, ""target_ex"": 0.0, ""target_cx_vel_px_s"": 0.0, ""target_age_s"": null, ""lidar_min_m"": 1.27, ""target_lidar_m"": null, ""target_lidar_deg"": null, ""camera_range",0.0,0.0,0,1,1,GOOD,
2026-06-20T13:42:17.638,61.638,mission_20260620_134116_auto,AUTO,,1,13.341680526733398,101.0213623046875,62.80675862604213,4,True,0.7542499899864197,1,-215,-215,49118,595,-0.6408000111579896,0.0,-0.3204000055789948,0,4,13.341730117797852,101.02134704589844,5.756103145150612,95,25.200000762939453,-90.69999694824219,38.0,0,READY owner=Yellow refs=22,"{""cmd"": ""STOP"", ""status"": ""READY"", ""detector"": ""yolo"", ""state"": ""IDLE"", ""owner"": ""Yellow"", ""score"": null, ""match_max"": 0.5, ""refs"": 22, ""match_mode"": ""osnet"", ""steer_zones"": 41, ""people"": 0, ""track_id"": null, ""target_ex"": 0.0, ""target_cx_vel_px_s"": 0.0, ""target_age_s"": null, ""lidar_min_m"": 1.44, ""target_lidar_m"": null, ""target_lidar_deg"": null, ""camera_range",0.0,0.0,0,1,1,GOOD,
2026-06-20T13:42:18.640,62.64,mission_20260620_134116_auto,AUTO,,1,13.341680526733398,101.0213623046875,62.04049336343674,4,True,0.7494999766349792,1,-215,-215,48546,598,-2.2031999588012696,0.0,-1.1015999794006348,0,4,13.341730117797852,101.02134704589844,5.756103145150612,95,25.299999237060547,-86.9000015258789,38.0,0,READY owner=Yellow refs=22,"{""cmd"": ""STOP"", ""status"": ""READY"", ""detector"": ""yolo"", ""state"": ""IDLE"", ""owner"": ""Yellow"", ""score"": null, ""match_max"": 0.5, ""refs"": 22, ""match_mode"": ""osnet"", ""steer_zones"": 41, ""people"": 0, ""track_id"": null, ""target_ex"": 0.0, ""target_cx_vel_px_s"": 0.0, ""target_age_s"": null, ""lidar_min_m"": 1.44, ""target_lidar_m"": null, ""target_lidar_deg"": null, ""camera_range",0.0,0.0,0,1,1,GOOD,
2026-06-20T13:42:19.640,63.64,mission_20260620_134116_auto,AUTO,,1,13.341679573059082,101.0213623046875,58.1066459109679,4,True,0.7239999771118164,1,-215,-215,48278,700,-1.5263999819755554,0.47159999012947085,-0.525599992275238,0,4,13.341730117797852,101.02134704589844,5.8577706858156935,95,25.200000762939453,-84.19999694824219,38.0,0,READY owner=Yellow refs=22,"{""cmd"": ""STOP"", ""status"": ""READY"", ""detector"": ""yolo"", ""state"": ""IDLE"", ""owner"": ""Yellow"", ""score"": null, ""match_max"": 0.5, ""refs"": 22, ""match_mode"": ""osnet"", ""steer_zones"": 41, ""people"": 0, ""track_id"": null, ""target_ex"": 0.0, ""target_cx_vel_px_s"": 0.0, ""target_age_s"": null, ""lidar_min_m"": 1.41, ""target_lidar_m"": null, ""target_lidar_deg"": null, ""camera_range",0.106,0.106,0,1,1,GOOD,
2026-06-20T13:42:20.640,64.64,mission_20260620_134116_auto,AUTO,,1,13.341679573059082,101.0213623046875,58.31726845440358,4,True,0.7294999957084656,1,-215,-215,47810,700,-2.3148000240325928,0.0,-1.1591999888420106,0,4,13.341730117797852,101.02134704589844,5.8577706858156935,95,25.299999237060547,-81.9000015258789,38.0,0,READY owner=Yellow refs=22,"{""cmd"": ""STOP"", ""status"": ""READY"", ""detector"": ""yolo"", ""state"": ""IDLE"", ""owner"": ""Yellow"", ""score"": null, ""match_max"": 0.5, ""refs"": 22, ""match_mode"": ""osnet"", ""steer_zones"": 41, ""people"": 0, ""track_id"": null, ""target_ex"": 0.0, ""target_cx_vel_px_s"": 0.0, ""target_age_s"": null, ""lidar_min_m"": 0.17, ""target_lidar_m"": null, ""target_lidar_deg"": null, ""camera_range",0.0,0.0,0,1,1,GOOD,
2026-06-20T13:42:21.640,65.641,mission_20260620_134116_auto,AUTO,,1,13.341679573059082,101.0213623046875,58.356951853481355,4,True,0.7287499904632568,1,-215,-215,47135,701,-2.1096000909805297,0.0,-1.0548000454902648,0,4,13.341730117797852,101.02134704589844,5.8577706858156935,95,25.399999618530273,-69.80000305175781,38.0,0,READY owner=Yellow refs=22,"{""cmd"": ""STOP"", ""status"": ""READY"", ""detector"": ""yolo"", ""state"": ""IDLE"", ""owner"": ""Yellow"", ""score"": null, ""match_max"": 0.5, ""refs"": 22, ""match_mode"": ""osnet"", ""steer_zones"": 41, ""people"": 0, ""track_id"": null, ""target_ex"": 0.0, ""target_cx_vel_px_s"": 0.0, ""target_age_s"": null, ""lidar_min_m"": 1.24, ""target_lidar_m"": null, ""target_lidar_deg"": null, ""camera_range",0.0,0.0,0,1,1,GOOD,
2026-06-20T13:42:22.641,66.641,mission_20260620_134116_auto,AUTO,,1,13.341679573059082,101.0213623046875,58.438996085791544,4,True,0.7289999723434448,1,-215,-215,46348,701,-3.2760000944137575,0.0,-1.6380000472068788,0,4,13.341730117797852,101.02134704589844,5.8577706858156935,95,25.399999618530273,-69.9000015258789,38.0,0,READY owner=Yellow refs=22,"{""cmd"": ""STOP"", ""status"": ""READY"", ""detector"": ""yolo"", ""state"": ""IDLE"", ""owner"": ""Yellow"", ""score"": null, ""match_max"": 0.5, ""refs"": 22, ""match_mode"": ""osnet"", ""steer_zones"": 41, ""people"": 0, ""track_id"": null, ""target_ex"": 0.0, ""target_cx_vel_px_s"": 0.0, ""target_age_s"": null, ""lidar_min_m"": 1.01, ""target_lidar_m"": null, ""target_lidar_deg"": null, ""camera_range",0.0,0.0,0,1,1,GOOD,
2026-06-20T13:42:23.646,67.646,mission_20260620_134116_auto,AUTO,,1,13.341678619384766,101.0213623046875,58.5042858640677,4,True,0.7304999828338623,1,-215,-215,45614,701,-2.728800058364868,0.0,-1.364400029182434,0,4,13.341730117797852,101.02134704589844,5.95959075353131,95,25.399999618530273,-65.80000305175781,38.0,0,READY owner=Yellow refs=22,"{""cmd"": ""STOP"", ""status"": ""READY"", ""detector"": ""yolo"", ""state"": ""IDLE"", ""owner"": ""Yellow"", ""score"": null, ""match_max"": 0.5, ""refs"": 22, ""match_mode"": ""osnet"", ""steer_zones"": 41, ""people"": 0, ""track_id"": null, ""target_ex"": 0.0, ""target_cx_vel_px_s"": 0.0, ""target_age_s"": null, ""lidar_min_m"": 1.04, ""target_lidar_m"": null, ""target_lidar_deg"": null, ""camera_range",0.106,0.106,0,1,1,GOOD,
2026-06-20T13:42:24.650,68.65,mission_20260620_134116_auto,AUTO,,1,13.341678619384766,101.0213623046875,58.5153780912798,4,True,0.7365000247955322,1,-215,-215,44792,701,-2.8980000257492065,0.0,-1.4507999897003174,0,4,13.341730117797852,101.02134704589844,5.95959075353131,95,25.399999618530273,-66.30000305175781,38.0,0,READY owner=Yellow refs=22,"{""cmd"": ""STOP"", ""status"": ""READY"", ""detector"": ""yolo"", ""state"": ""IDLE"", ""owner"": ""Yellow"", ""score"": null, ""match_max"": 0.5, ""refs"": 22, ""match_mode"": ""osnet"", ""steer_zones"": 41, ""people"": 0, ""track_id"": null, ""target_ex"": 0.0, ""target_cx_vel_px_s"": 0.0, ""target_age_s"": null, ""lidar_min_m"": 0.69, ""target_lidar_m"": null, ""target_lidar_deg"": null, ""camera_range",0.0,0.0,0,1,1,GOOD,
2026-06-20T13:42:25.655,69.655,mission_20260620_134116_auto,AUTO,,1,13.341678619384766,101.0213623046875,58.63676421320927,4,True,0.7427499890327454,1,-215,-215,43969,701,-3.445200061798096,0.0,-1.7207999467849733,0,4,13.341730117797852,101.02134704589844,5.95959075353131,95,25.399999618530273,-66.19999694824219,38.0,0,READY owner=Yellow refs=22,"{""cmd"": ""STOP"", ""status"": ""READY"", ""detector"": ""yolo"", ""state"": ""IDLE"", ""owner"": ""Yellow"", ""score"": null, ""match_max"": 0.5, ""refs"": 22, ""match_mode"": ""osnet"", ""steer_zones"": 41, ""people"": 0, ""track_id"": null, ""target_ex"": 0.0, ""target_cx_vel_px_s"": 0.0, ""target_age_s"": null, ""lidar_min_m"": 0.69, ""target_lidar_m"": null, ""target_lidar_deg"": null, ""camera_range",0.0,0.0,0,1,1,GOOD,
2026-06-20T13:42:26.659,70.66,mission_20260620_134116_auto,AUTO,,1,13.34167766571045,101.0213623046875,58.684609688345205,4,True,0.15800000727176666,1,-215,-215,43169,701,-2.9555999279022216,0.0,-1.4796000480651856,0,4,13.341730117797852,101.02134704589844,6.061555662000924,95,25.399999618530273,-64.4000015258789,38.0,0,READY owner=Yellow refs=22,"{""cmd"": ""STOP"", ""status"": ""READY"", ""detector"": ""yolo"", ""state"": ""IDLE"", ""owner"": ""Yellow"", ""score"": null, ""match_max"": 0.5, ""refs"": 22, ""match_mode"": ""osnet"", ""steer_zones"": 41, ""people"": 0, ""track_id"": null, ""target_ex"": 0.0, ""target_cx_vel_px_s"": 0.0, ""target_age_s"": null, ""lidar_min_m"": 0.72, ""target_lidar_m"": null, ""target_lidar_deg"": null, ""camera_range",0.106,0.106,0,1,1,GOOD,
2026-06-20T13:42:27.660,71.66,mission_20260620_134116_auto,AUTO,,1,13.34167766571045,101.0213623046875,58.7358361071203,4,True,0.23000000417232513,1,-215,-215,42314,701,-3.013200044631958,0.0,-1.504800045490265,0,4,13.341730117797852,101.02134704589844,6.061555662000924,95,25.399999618530273,-64.19999694824219,38.0,0,READY owner=Yellow refs=22,"{""cmd"": ""STOP"", ""status"": ""READY"", ""detector"": ""yolo"", ""state"": ""IDLE"", ""owner"": ""Yellow"", ""score"": null, ""match_max"": 0.5, ""refs"": 22, ""match_mode"": ""osnet"", ""steer_zones"": 41, ""people"": 0, ""track_id"": null, ""target_ex"": 0.0, ""target_cx_vel_px_s"": 0.0, ""target_age_s"": null, ""lidar_min_m"": 0.17, ""target_lidar_m"": null, ""target_lidar_deg"": null, ""camera_range",0.0,0.0,0,1,1,GOOD,
2026-06-20T13:42:28.660,72.66,mission_20260620_134116_auto,AUTO,,1,13.34167766571045,101.0213623046875,58.81377539573932,4,True,0.49900001287460327,1,-215,-215,41453,701,-3.502799963951111,0.0,-1.7496000051498413,0,4,13.341730117797852,101.02134704589844,6.061555662000924,95,25.399999618530273,-64.9000015258789,38.0,0,READY owner=Yellow refs=22,"{""cmd"": ""STOP"", ""status"": ""READY"", ""detector"": ""yolo"", ""state"": ""IDLE"", ""owner"": ""Yellow"", ""score"": null, ""match_max"": 0.5, ""refs"": 22, ""match_mode"": ""osnet"", ""steer_zones"": 41, ""people"": 0, ""track_id"": null, ""target_ex"": 0.0, ""target_cx_vel_px_s"": 0.0, ""target_age_s"": null, ""lidar_min_m"": 0.64, ""target_lidar_m"": null, ""target_lidar_deg"": null, ""camera_range",0.0,0.0,0,1,1,GOOD,
2026-06-20T13:42:29.711,73.711,mission_20260620_134116_auto,AUTO,,1,13.34167766571045,101.0213623046875,58.85553517232478,4,True,0.7664999961853027,1,-215,-215,40537,701,-3.445200061798096,0.0,-1.7207999467849733,0,4,13.341730117797852,101.02134704589844,6.061555662000924,95,25.399999618530273,-64.0,38.0,0,READY owner=Yellow refs=22,"{""cmd"": ""STOP"", ""status"": ""READY"", ""detector"": ""yolo"", ""state"": ""IDLE"", ""owner"": ""Yellow"", ""score"": null, ""match_max"": 0.5, ""refs"": 22, ""match_mode"": ""osnet"", ""steer_zones"": 41, ""people"": 0, ""track_id"": null, ""target_ex"": 0.0, ""target_cx_vel_px_s"": 0.0, ""target_age_s"": null, ""lidar_min_m"": 0.69, ""target_lidar_m"": null, ""target_lidar_deg"": null, ""camera_range",0.0,0.0,0,1,1,GOOD,
2026-06-20T13:42:30.715,74.715,mission_20260620_134116_auto,AUTO,,1,13.34167766571045,101.0213623046875,58.920865931735946,4,True,0.7639999985694885,1,-215,-215,39688,701,-3.106799912452698,0.0,-1.5515999794006348,0,4,13.341730117797852,101.02134704589844,6.061555662000924,95,25.399999618530273,-63.20000076293945,38.0,0,READY owner=Yellow refs=22,"{""cmd"": ""STOP"", ""status"": ""READY"", ""detector"": ""yolo"", ""state"": ""IDLE"", ""owner"": ""Yellow"", ""score"": null, ""match_max"": 0.5, ""refs"": 22, ""match_mode"": ""osnet"", ""steer_zones"": 41, ""people"": 0, ""track_id"": null, ""target_ex"": 0.0, ""target_cx_vel_px_s"": 0.0, ""target_age_s"": null, ""lidar_min_m"": 0.85, ""target_lidar_m"": null, ""target_lidar_deg"": null, ""camera_range",0.0,0.0,0,1,1,GOOD,
2026-06-20T13:42:31.715,75.715,mission_20260620_134116_auto,AUTO,,1,13.341676712036133,101.0213623046875,59.00900269278579,4,True,0.9434999823570251,1,-215,-215,38873,701,-3.369599962234497,0.0,-1.6847999811172485,0,4,13.341730117797852,101.02134704589844,6.1636582229614545,95,25.399999618530273,-63.400001525878906,38.0,0,READY owner=Yellow refs=22,"{""cmd"": ""STOP"", ""status"": ""READY"", ""detector"": ""yolo"", ""state"": ""IDLE"", ""owner"": ""Yellow"", ""score"": null, ""match_max"": 0.5, ""refs"": 22, ""match_mode"": ""osnet"", ""steer_zones"": 41, ""people"": 0, ""track_id"": null, ""target_ex"": 0.0, ""target_cx_vel_px_s"": 0.0, ""target_age_s"": null, ""lidar_min_m"": 1.04, ""target_lidar_m"": null, ""target_lidar_deg"": null, ""camera_range",0.106,0.106,0,1,1,GOOD,
2026-06-20T13:42:33.716,77.717,mission_20260620_134116_auto,AUTO,,1,13.341676712036133,101.0213623046875,57.78044973658643,4,True,0.781000018119812,1,-215,-215,37130,731,-2.8980000257492065,0.37799998819828035,-1.259999978542328,0,4,13.341730117797852,101.02134704589844,6.1636582229614545,95,25.399999618530273,-63.5,38.0,0,READY owner=Yellow refs=22,"{""cmd"": ""STOP"", ""status"": ""READY"", ""detector"": ""yolo"", ""state"": ""IDLE"", ""owner"": ""Yellow"", ""score"": null, ""match_max"": 0.5, ""refs"": 22, ""match_mode"": ""osnet"", ""steer_zones"": 41, ""people"": 0, ""track_id"": null, ""target_ex"": 0.0, ""target_cx_vel_px_s"": 0.0, ""target_age_s"": null, ""lidar_min_m"": 0.16, ""target_lidar_m"": null, ""target_lidar_deg"": null, ""camera_range",0.0,0.0,0,1,1,GOOD,
2026-06-20T13:42:34.719,78.72,mission_20260620_134116_auto,AUTO,,1,13.341676712036133,101.0213623046875,58.24394637366349,4,True,0.7730000019073486,1,-215,-215,36561,724,-2.332800006866455,0.0,-1.1664000034332276,0,4,13.341730117797852,101.02134704589844,6.1636582229614545,95,25.399999618530273,-66.0999984741211,38.0,0,READY owner=Yellow refs=22,"{""cmd"": ""STOP"", ""status"": ""READY"", ""detector"": ""yolo"", ""state"": ""IDLE"", ""owner"": ""Yellow"", ""score"": null, ""match_max"": 0.5, ""refs"": 22, ""match_mode"": ""osnet"", ""steer_zones"": 41, ""people"": 0, ""track_id"": null, ""target_ex"": 0.0, ""target_cx_vel_px_s"": 0.0, ""target_age_s"": null, ""lidar_min_m"": 1.61, ""target_lidar_m"": null, ""target_lidar_deg"": null, ""camera_range",0.0,0.0,0,1,1,GOOD,
2026-06-20T13:42:35.720,79.72,mission_20260620_134116_auto,AUTO,,1,13.341676712036133,101.0213623046875,58.373439930137764,4,True,0.7774999737739563,1,-215,-215,35742,722,-3.0312000274658204,0.0,-1.5156000137329102,0,4,13.341730117797852,101.02134704589844,6.1636582229614545,95,25.399999618530273,-69.19999694824219,38.0,0,READY owner=Yellow refs=22,"{""cmd"": ""STOP"", ""status"": ""READY"", ""detector"": ""yolo"", ""state"": ""IDLE"", ""owner"": ""Yellow"", ""score"": null, ""match_max"": 0.5, ""refs"": 22, ""match_mode"": ""osnet"", ""steer_zones"": 41, ""people"": 0, ""track_id"": null, ""target_ex"": 0.0, ""target_cx_vel_px_s"": 0.0, ""target_age_s"": null, ""lidar_min_m"": 1.74, ""target_lidar_m"": null, ""target_lidar_deg"": null, ""camera_range",0.0,0.0,0,1,1,GOOD,
2026-06-20T13:42:36.725,80.725,mission_20260620_134116_auto,AUTO,,1,13.341675758361816,101.0213623046875,58.419168046631,4,True,0.753000020980835,1,-215,-215,34885,720,-2.728800058364868,0.0,-1.364400029182434,0,4,13.341730117797852,101.02134704589844,6.265891707284016,95,25.399999618530273,-65.4000015258789,38.0,0,READY owner=Yellow refs=22,"{""cmd"": ""STOP"", ""status"": ""READY"", ""detector"": ""yolo"", ""state"": ""IDLE"", ""owner"": ""Yellow"", ""score"": null, ""match_max"": 0.5, ""refs"": 22, ""match_mode"": ""osnet"", ""steer_zones"": 41, ""people"": 0, ""track_id"": null, ""target_ex"": 0.0, ""target_cx_vel_px_s"": 0.0, ""target_age_s"": null, ""lidar_min_m"": 1.47, ""target_lidar_m"": null, ""target_lidar_deg"": null, ""camera_range",0.106,0.106,0,1,1,GOOD,
2026-06-20T13:42:37.725,81.726,mission_20260620_134116_auto,AUTO,,1,13.341675758361816,101.0213623046875,58.49486020301308,4,True,0.7459999918937683,1,-215,-215,34036,717,-2.9195999622344972,0.0,-1.4580000042915344,0,4,13.341730117797852,101.02134704589844,6.265891707284016,94,25.399999618530273,-66.30000305175781,38.0,0,READY owner=Yellow refs=22,"{""cmd"": ""STOP"", ""status"": ""READY"", ""detector"": ""yolo"", ""state"": ""IDLE"", ""owner"": ""Yellow"", ""score"": null, ""match_max"": 0.5, ""refs"": 22, ""match_mode"": ""osnet"", ""steer_zones"": 41, ""people"": 0, ""track_id"": null, ""target_ex"": 0.0, ""target_cx_vel_px_s"": 0.0, ""target_age_s"": null, ""lidar_min_m"": 1.72, ""target_lidar_m"": null, ""target_lidar_deg"": null, ""camera_range",0.0,0.0,0,1,1,GOOD,
2026-06-20T13:42:38.730,82.73,mission_20260620_134116_auto,AUTO,,1,13.341675758361816,101.0213623046875,58.61241458881817,4,True,0.7627500295639038,1,-215,-215,33190,714,-3.5387999296188357,0.0,-1.7712000489234925,0,4,13.341730117797852,101.02134704589844,6.265891707284016,94,25.399999618530273,-64.9000015258789,38.0,0,READY owner=Yellow refs=22,"{""cmd"": ""STOP"", ""status"": ""READY"", ""detector"": ""yolo"", ""state"": ""IDLE"", ""owner"": ""Yellow"", ""score"": null, ""match_max"": 0.5, ""refs"": 22, ""match_mode"": ""osnet"", ""steer_zones"": 41, ""people"": 0, ""track_id"": null, ""target_ex"": 0.0, ""target_cx_vel_px_s"": 0.0, ""target_age_s"": null, ""lidar_min_m"": 0.22, ""target_lidar_m"": null, ""target_lidar_deg"": null, ""camera_range",0.0,0.0,0,1,1,GOOD,
2026-06-20T13:42:39.730,83.73,mission_20260620_134116_auto,AUTO,,1,13.3416748046875,101.0213623046875,58.69648055712269,4,True,0.7785000205039978,1,-215,-215,32449,714,-3.106799912452698,0.0,-1.5515999794006348,0,4,13.341730117797852,101.02134704589844,6.368249809588674,94,25.399999618530273,-64.19999694824219,38.0,0,READY owner=Yellow refs=22,"{""cmd"": ""STOP"", ""status"": ""READY"", ""detector"": ""yolo"", ""state"": ""IDLE"", ""owner"": ""Yellow"", ""score"": null, ""match_max"": 0.5, ""refs"": 22, ""match_mode"": ""osnet"", ""steer_zones"": 41, ""people"": 0, ""track_id"": null, ""target_ex"": 0.0, ""target_cx_vel_px_s"": 0.0, ""target_age_s"": null, ""lidar_min_m"": 1.65, ""target_lidar_m"": null, ""target_lidar_deg"": null, ""camera_range",0.106,0.106,0,1,1,GOOD,
2026-06-20T13:42:40.735,84.735,mission_20260620_134116_auto,AUTO,,1,13.3416748046875,101.0213623046875,58.781994525531246,4,True,0.7555000185966492,1,-215,-215,31567,712,-3.2363999605178835,0.0,-1.6199999570846557,0,4,13.341730117797852,101.02134704589844,6.368249809588674,94,25.399999618530273,-64.0999984741211,38.0,0,READY owner=Yellow refs=22,"{""cmd"": ""STOP"", ""status"": ""READY"", ""detector"": ""yolo"", ""state"": ""IDLE"", ""owner"": ""Yellow"", ""score"": null, ""match_max"": 0.5, ""refs"": 22, ""match_mode"": ""osnet"", ""steer_zones"": 41, ""people"": 0, ""track_id"": null, ""target_ex"": 0.0, ""target_cx_vel_px_s"": 0.0, ""target_age_s"": null, ""lidar_min_m"": 1.66, ""target_lidar_m"": null, ""target_lidar_deg"": null, ""camera_range",0.0,0.0,0,1,1,GOOD,
2026-06-20T13:42:41.740,85.74,mission_20260620_134116_auto,AUTO,,1,13.3416748046875,101.0213623046875,58.86458517297504,4,True,0.7384999990463257,1,-215,-215,30601,709,-3.463200044631958,0.0,-1.731600022315979,0,4,13.341730117797852,101.02134704589844,6.368249809588674,94,25.399999618530273,-63.900001525878906,38.0,0,READY owner=Yellow refs=22,"{""cmd"": ""STOP"", ""status"": ""READY"", ""detector"": ""yolo"", ""state"": ""IDLE"", ""owner"": ""Yellow"", ""score"": null, ""match_max"": 0.5, ""refs"": 22, ""match_mode"": ""osnet"", ""steer_zones"": 41, ""people"": 0, ""track_id"": null, ""target_ex"": 0.0, ""target_cx_vel_px_s"": 0.0, ""target_age_s"": null, ""lidar_min_m"": 1.61, ""target_lidar_m"": null, ""target_lidar_deg"": null, ""camera_range",0.0,0.0,0,1,1,GOOD,
