iso_time,elapsed_s,mission_id,run_mode,event,hw_mode,lat,lng,yaw_deg,gps_fix,gps_ready,lidar_min_front_m,lidar_obstacle,pwm_l,pwm_r,enc_l,enc_r,wheel_speed_l_kph,wheel_speed_r_kph,wheel_speed_avg_kph,wp_idx,path_len,target_lat,target_lng,dist_to_target_m,battery_soc_pct,battery_voltage_v,battery_current_a,battery_temp_c,battery_status,num_sats,segment,follow_status,follow_debug
2026-07-16T16:11:44.980,0.981,mission_20260716_161144_auto,AUTO,MISSION_START,1,13.329373359680176,100.99791717529297,-94.97722965455816,4,True,-1.0,0,0,0,87753,136755,0.0,0.0,0.0,0,2,13.329325675964355,100.99787902832031,6.7193220416319885,89,26.200000762939453,-1.399999976158142,34.0,0,30,-,FOLLOW IDLE,"{""cmd"": ""STOP"", ""status"": ""READY"", ""detector"": ""yolo"", ""state"": ""IDLE"", ""owner"": ""Surnn"", ""score"": null, ""match_max"": 0.5, ""refs"": 24, ""match_mode"": ""none"", ""steer_zones"": 41, ""people"": 0, ""track_id"": null, ""target_ex"": 0.0, ""target_cx_vel_px_s"": 0.0, ""target_age_s"": null, ""lidar_min_m"": 1.34, ""target_lidar_m"": null, ""target_lidar_deg"": null, ""camera_range_m"
2026-07-16T16:11:45.980,1.981,mission_20260716_161144_auto,AUTO,,1,13.329373359680176,100.99791717529297,-94.9862386740734,4,True,-1.0,0,91,91,87752,136740,0.0,0.0,0.0,0,2,13.329325675964355,100.99787902832031,6.7193220416319885,89,26.200000762939453,-1.5,34.0,0,30,-,READY owner=Surnn refs=24,"{""cmd"": ""STOP"", ""status"": ""READY"", ""detector"": ""yolo"", ""state"": ""IDLE"", ""owner"": ""Surnn"", ""score"": null, ""match_max"": 0.5, ""refs"": 24, ""match_mode"": ""none"", ""steer_zones"": 41, ""people"": 0, ""track_id"": null, ""target_ex"": 0.0, ""target_cx_vel_px_s"": 0.0, ""target_age_s"": null, ""lidar_min_m"": 1.34, ""target_lidar_m"": null, ""target_lidar_deg"": null, ""camera_range_m"
2026-07-16T16:11:46.986,2.986,mission_20260716_161144_auto,AUTO,,1,13.329374313354492,100.99791717529297,-79.35336317345075,4,True,-1.0,0,128,128,87750,136401,0.0,-1.2996000051498413,-0.6480000257492066,0,2,13.329325675964355,100.99787902832031,6.803312539288223,89,26.100000381469727,-3.299999952316284,34.0,0,30,-,READY owner=Surnn refs=24,"{""cmd"": ""STOP"", ""status"": ""READY"", ""detector"": ""yolo"", ""state"": ""IDLE"", ""owner"": ""Surnn"", ""score"": null, ""match_max"": 0.5, ""refs"": 24, ""match_mode"": ""none"", ""steer_zones"": 41, ""people"": 0, ""track_id"": null, ""target_ex"": 0.0, ""target_cx_vel_px_s"": 0.0, ""target_age_s"": null, ""lidar_min_m"": 1.31, ""target_lidar_m"": null, ""target_lidar_deg"": null, ""camera_range_m"
2026-07-16T16:11:47.986,3.986,mission_20260716_161144_auto,AUTO,,1,13.329374313354492,100.99791717529297,-64.39261926829238,4,True,-1.0,0,128,128,87761,136090,0.0,-1.1484000205993652,-0.5723999798297882,0,2,13.329325675964355,100.99787902832031,6.803312539288223,89,25.899999618530273,-30.399999618530273,34.0,0,30,-,READY owner=Surnn refs=24,"{""cmd"": ""STOP"", ""status"": ""READY"", ""detector"": ""yolo"", ""state"": ""IDLE"", ""owner"": ""Surnn"", ""score"": null, ""match_max"": 0.5, ""refs"": 24, ""match_mode"": ""none"", ""steer_zones"": 41, ""people"": 0, ""track_id"": null, ""target_ex"": 0.0, ""target_cx_vel_px_s"": 0.0, ""target_age_s"": null, ""lidar_min_m"": 1.3, ""target_lidar_m"": null, ""target_lidar_deg"": null, ""camera_range_m"""
2026-07-16T16:11:48.988,4.989,mission_20260716_161144_auto,AUTO,,1,13.329375267028809,100.99791717529297,-50.14063043292788,4,True,-1.0,0,128,128,87754,135753,0.0,-1.130400037765503,-0.5652000188827515,0,2,13.329325675964355,100.99787902832031,6.887911502574391,89,25.899999618530273,-35.20000076293945,34.0,0,30,-,READY owner=Surnn refs=24,"{""cmd"": ""STOP"", ""status"": ""READY"", ""detector"": ""yolo"", ""state"": ""IDLE"", ""owner"": ""Surnn"", ""score"": null, ""match_max"": 0.5, ""refs"": 24, ""match_mode"": ""none"", ""steer_zones"": 41, ""people"": 0, ""track_id"": null, ""target_ex"": 0.0, ""target_cx_vel_px_s"": 0.0, ""target_age_s"": null, ""lidar_min_m"": null, ""target_lidar_m"": null, ""target_lidar_deg"": null, ""camera_range_m"
2026-07-16T16:11:49.992,5.992,mission_20260716_161144_auto,AUTO,,1,13.329375267028809,100.9979248046875,-40.12302761879654,4,True,-1.0,0,128,128,87784,135503,0.0,-0.8280000150203705,-0.41400000751018523,0,2,13.329325675964355,100.99787902832031,7.412098774562462,89,25.799999237060547,-33.79999923706055,34.0,0,30,-,READY owner=Surnn refs=24,"{""cmd"": ""STOP"", ""status"": ""READY"", ""detector"": ""yolo"", ""state"": ""IDLE"", ""owner"": ""Surnn"", ""score"": null, ""match_max"": 0.5, ""refs"": 24, ""match_mode"": ""none"", ""steer_zones"": 41, ""people"": 0, ""track_id"": null, ""target_ex"": 0.0, ""target_cx_vel_px_s"": 0.0, ""target_age_s"": null, ""lidar_min_m"": 1.34, ""target_lidar_m"": null, ""target_lidar_deg"": null, ""camera_range_m"
2026-07-16T16:11:50.995,6.995,mission_20260716_161144_auto,AUTO,,1,13.329374313354492,100.9979248046875,-28.745158480511314,4,True,-1.0,0,128,128,87786,135240,0.0,-0.961199963092804,-0.4788000047206879,0,2,13.329325675964355,100.99787902832031,7.33354927121727,89,25.799999237060547,-34.70000076293945,34.0,0,30,-,READY owner=Surnn refs=24,"{""cmd"": ""STOP"", ""status"": ""READY"", ""detector"": ""yolo"", ""state"": ""IDLE"", ""owner"": ""Surnn"", ""score"": null, ""match_max"": 0.5, ""refs"": 24, ""match_mode"": ""none"", ""steer_zones"": 41, ""people"": 0, ""track_id"": null, ""target_ex"": 0.0, ""target_cx_vel_px_s"": 0.0, ""target_age_s"": null, ""lidar_min_m"": null, ""target_lidar_m"": null, ""target_lidar_deg"": null, ""camera_range_m"
2026-07-16T16:11:52.000,8.001,mission_20260716_161144_auto,AUTO,,1,13.329373359680176,100.9979248046875,-14.902337250018308,4,True,-1.0,0,128,128,87787,134946,0.0,-1.206000030040741,-0.6011999845504761,0,2,13.329325675964355,100.99787902832031,7.255699286413245,89,25.799999237060547,-35.900001525878906,34.0,0,30,-,READY owner=Surnn refs=24,"{""cmd"": ""STOP"", ""status"": ""READY"", ""detector"": ""yolo"", ""state"": ""IDLE"", ""owner"": ""Surnn"", ""score"": null, ""match_max"": 0.5, ""refs"": 24, ""match_mode"": ""none"", ""steer_zones"": 41, ""people"": 0, ""track_id"": null, ""target_ex"": 0.0, ""target_cx_vel_px_s"": 0.0, ""target_age_s"": null, ""lidar_min_m"": 0.95, ""target_lidar_m"": null, ""target_lidar_deg"": null, ""camera_range_m"
2026-07-16T16:11:53.000,9.001,mission_20260716_161144_auto,AUTO,,1,13.32937240600586,100.9979248046875,-0.08189571571638506,4,True,-1.0,0,128,128,87788,134622,0.0,-1.259999978542328,-0.629999989271164,0,2,13.329325675964355,100.99787902832031,7.178571578547458,89,25.799999237060547,-34.29999923706055,34.0,0,30,-,READY owner=Surnn refs=24,"{""cmd"": ""STOP"", ""status"": ""READY"", ""detector"": ""yolo"", ""state"": ""IDLE"", ""owner"": ""Surnn"", ""score"": null, ""match_max"": 0.5, ""refs"": 24, ""match_mode"": ""none"", ""steer_zones"": 41, ""people"": 0, ""track_id"": null, ""target_ex"": 0.0, ""target_cx_vel_px_s"": 0.0, ""target_age_s"": null, ""lidar_min_m"": 1.06, ""target_lidar_m"": null, ""target_lidar_deg"": null, ""camera_range_m"
2026-07-16T16:11:54.001,10.002,mission_20260716_161144_auto,AUTO,,1,13.329370498657227,100.9979248046875,14.590385435150901,4,True,-1.0,0,128,128,87787,134259,0.0,-1.486799955368042,-0.7452000081539154,0,2,13.329325675964355,100.99787902832031,7.026577908998708,89,25.799999237060547,-33.70000076293945,34.0,0,30,-,READY owner=Surnn refs=24,"{""cmd"": ""STOP"", ""status"": ""READY"", ""detector"": ""yolo"", ""state"": ""IDLE"", ""owner"": ""Surnn"", ""score"": null, ""match_max"": 0.5, ""refs"": 24, ""match_mode"": ""none"", ""steer_zones"": 41, ""people"": 0, ""track_id"": null, ""target_ex"": 0.0, ""target_cx_vel_px_s"": 0.0, ""target_age_s"": null, ""lidar_min_m"": 1.05, ""target_lidar_m"": null, ""target_lidar_deg"": null, ""camera_range_m"
2026-07-16T16:11:55.003,11.003,mission_20260716_161144_auto,AUTO,,1,13.32936954498291,100.9979248046875,32.17547755717764,4,True,-1.0,0,128,128,87774,133904,0.0,-1.259999978542328,-0.629999989271164,0,2,13.329325675964355,100.99787902832031,6.951761398426756,89,25.799999237060547,-33.599998474121094,34.0,0,30,-,READY owner=Surnn refs=24,"{""cmd"": ""STOP"", ""status"": ""READY"", ""detector"": ""yolo"", ""state"": ""IDLE"", ""owner"": ""Surnn"", ""score"": null, ""match_max"": 0.5, ""refs"": 24, ""match_mode"": ""none"", ""steer_zones"": 41, ""people"": 0, ""track_id"": null, ""target_ex"": 0.0, ""target_cx_vel_px_s"": 0.0, ""target_age_s"": null, ""lidar_min_m"": 1.06, ""target_lidar_m"": null, ""target_lidar_deg"": null, ""camera_range_m"
2026-07-16T16:11:56.005,12.006,mission_20260716_161144_auto,AUTO,,1,13.329367637634277,100.9979248046875,46.4947130200155,4,True,-1.0,0,128,128,87771,133627,0.0,-1.130400037765503,-0.5652000188827515,0,2,13.329325675964355,100.99787902832031,6.804618803097469,89,25.799999237060547,-32.70000076293945,34.0,0,30,-,READY owner=Surnn refs=24,"{""cmd"": ""STOP"", ""status"": ""READY"", ""detector"": ""yolo"", ""state"": ""IDLE"", ""owner"": ""Surnn"", ""score"": null, ""match_max"": 0.5, ""refs"": 24, ""match_mode"": ""none"", ""steer_zones"": 41, ""people"": 0, ""track_id"": null, ""target_ex"": 0.0, ""target_cx_vel_px_s"": 0.0, ""target_age_s"": null, ""lidar_min_m"": 1.04, ""target_lidar_m"": null, ""target_lidar_deg"": null, ""camera_range_m"
2026-07-16T16:11:57.006,13.006,mission_20260716_161144_auto,AUTO,,1,13.329365730285645,100.9979248046875,55.800155915051704,4,True,-1.0,0,128,128,87802,133401,0.0,-0.5652000188827515,-0.2808000057935715,0,2,13.329325675964355,100.99787902832031,6.660979641030311,89,25.799999237060547,-34.79999923706055,34.0,0,30,-,READY owner=Surnn refs=24,"{""cmd"": ""STOP"", ""status"": ""READY"", ""detector"": ""yolo"", ""state"": ""IDLE"", ""owner"": ""Surnn"", ""score"": null, ""match_max"": 0.5, ""refs"": 24, ""match_mode"": ""none"", ""steer_zones"": 41, ""people"": 0, ""track_id"": null, ""target_ex"": 0.0, ""target_cx_vel_px_s"": 0.0, ""target_age_s"": null, ""lidar_min_m"": 1.12, ""target_lidar_m"": null, ""target_lidar_deg"": null, ""camera_range_m"
2026-07-16T16:11:58.010,14.01,mission_20260716_161144_auto,AUTO,,1,13.329365730285645,100.9979248046875,62.63900918002662,4,True,-1.0,0,128,128,87844,133233,0.0,-0.6948000133037567,-0.3492000102996826,0,2,13.329325675964355,100.99787902832031,6.660979641030311,89,25.799999237060547,-35.099998474121094,33.0,0,30,-,READY owner=Surnn refs=24,"{""cmd"": ""STOP"", ""status"": ""READY"", ""detector"": ""yolo"", ""state"": ""IDLE"", ""owner"": ""Surnn"", ""score"": null, ""match_max"": 0.5, ""refs"": 24, ""match_mode"": ""none"", ""steer_zones"": 41, ""people"": 0, ""track_id"": null, ""target_ex"": 0.0, ""target_cx_vel_px_s"": 0.0, ""target_age_s"": null, ""lidar_min_m"": 1.08, ""target_lidar_m"": null, ""target_lidar_deg"": null, ""camera_range_m"
2026-07-16T16:11:59.029,15.029,mission_20260716_161144_auto,AUTO,,1,13.329363822937012,100.9979248046875,73.1326864245916,4,True,-1.0,0,128,128,87836,132908,0.0,-1.486799955368042,-0.7452000081539154,0,2,13.329325675964355,100.99787902832031,6.521075425795521,89,25.799999237060547,-35.099998474121094,34.0,0,30,-,READY owner=Surnn refs=24,"{""cmd"": ""STOP"", ""status"": ""READY"", ""detector"": ""yolo"", ""state"": ""IDLE"", ""owner"": ""Surnn"", ""score"": null, ""match_max"": 0.5, ""refs"": 24, ""match_mode"": ""none"", ""steer_zones"": 41, ""people"": 0, ""track_id"": null, ""target_ex"": 0.0, ""target_cx_vel_px_s"": 0.0, ""target_age_s"": null, ""lidar_min_m"": 1.03, ""target_lidar_m"": null, ""target_lidar_deg"": null, ""camera_range_m"
2026-07-16T16:12:00.030,16.03,mission_20260716_161144_auto,AUTO,,1,13.329361915588379,100.99791717529297,85.9760990078027,4,True,-1.0,0,128,128,87831,132607,0.0,-1.0728000283241272,-0.5364000141620636,0,2,13.329325675964355,100.99787902832031,5.768386087730157,89,25.799999237060547,-35.0,34.0,0,30,-,READY owner=Surnn refs=24,"{""cmd"": ""STOP"", ""status"": ""READY"", ""detector"": ""yolo"", ""state"": ""IDLE"", ""owner"": ""Surnn"", ""score"": null, ""match_max"": 0.5, ""refs"": 24, ""match_mode"": ""none"", ""steer_zones"": 41, ""people"": 0, ""track_id"": null, ""target_ex"": 0.0, ""target_cx_vel_px_s"": 0.0, ""target_age_s"": null, ""lidar_min_m"": 1.03, ""target_lidar_m"": null, ""target_lidar_deg"": null, ""camera_range_m"
2026-07-16T16:12:01.030,17.031,mission_20260716_161144_auto,AUTO,,1,13.329361915588379,100.99791717529297,95.79965956270857,4,True,-1.0,0,128,128,87846,132357,0.0,-1.130400037765503,-0.5652000188827515,0,2,13.329325675964355,100.99787902832031,5.768386087730157,89,25.799999237060547,-35.0,34.0,0,30,-,READY owner=Surnn refs=24,"{""cmd"": ""STOP"", ""status"": ""READY"", ""detector"": ""yolo"", ""state"": ""IDLE"", ""owner"": ""Surnn"", ""score"": null, ""match_max"": 0.5, ""refs"": 24, ""match_mode"": ""none"", ""steer_zones"": 41, ""people"": 0, ""track_id"": null, ""target_ex"": 0.0, ""target_cx_vel_px_s"": 0.0, ""target_age_s"": null, ""lidar_min_m"": 1.05, ""target_lidar_m"": null, ""target_lidar_deg"": null, ""camera_range_m"
2026-07-16T16:12:02.035,18.035,mission_20260716_161144_auto,AUTO,,1,13.329360961914062,100.99791717529297,108.92487209069606,4,True,-1.0,0,128,128,87837,132049,0.0,-1.18439998626709,-0.5940000236034394,0,2,13.329325675964355,100.99787902832031,5.694811886695931,89,25.799999237060547,-33.5,34.0,0,30,-,READY owner=Surnn refs=24,"{""cmd"": ""STOP"", ""status"": ""READY"", ""detector"": ""yolo"", ""state"": ""IDLE"", ""owner"": ""Surnn"", ""score"": null, ""match_max"": 0.5, ""refs"": 24, ""match_mode"": ""none"", ""steer_zones"": 41, ""people"": 0, ""track_id"": null, ""target_ex"": 0.0, ""target_cx_vel_px_s"": 0.0, ""target_age_s"": null, ""lidar_min_m"": 1.07, ""target_lidar_m"": null, ""target_lidar_deg"": null, ""camera_range_m"
2026-07-16T16:12:03.035,19.036,mission_20260716_161144_auto,AUTO,,1,13.329360961914062,100.99790954589844,123.03096808538908,4,True,-1.0,0,128,128,87822,131689,0.0,-1.6380000472068788,-0.817199993133545,0,2,13.329325675964355,100.99787902832031,5.128146504550413,89,25.799999237060547,-33.599998474121094,34.0,0,30,-,READY owner=Surnn refs=24,"{""cmd"": ""STOP"", ""status"": ""READY"", ""detector"": ""yolo"", ""state"": ""IDLE"", ""owner"": ""Surnn"", ""score"": null, ""match_max"": 0.5, ""refs"": 24, ""match_mode"": ""none"", ""steer_zones"": 41, ""people"": 0, ""track_id"": null, ""target_ex"": 0.0, ""target_cx_vel_px_s"": 0.0, ""target_age_s"": null, ""lidar_min_m"": 1.06, ""target_lidar_m"": null, ""target_lidar_deg"": null, ""camera_range_m"
2026-07-16T16:12:04.038,20.038,mission_20260716_161144_auto,AUTO,,1,13.329360008239746,100.99790954589844,136.36437160946772,4,True,-1.0,0,128,128,87823,131294,0.0,-1.2240000128746034,-0.6120000064373017,0,2,13.329325675964355,100.99787902832031,5.047472780279846,89,25.799999237060547,-32.20000076293945,34.0,0,30,-,READY owner=Surnn refs=24,"{""cmd"": ""STOP"", ""status"": ""READY"", ""detector"": ""yolo"", ""state"": ""IDLE"", ""owner"": ""Surnn"", ""score"": null, ""match_max"": 0.5, ""refs"": 24, ""match_mode"": ""none"", ""steer_zones"": 41, ""people"": 0, ""track_id"": null, ""target_ex"": 0.0, ""target_cx_vel_px_s"": 0.0, ""target_age_s"": null, ""lidar_min_m"": 1.03, ""target_lidar_m"": null, ""target_lidar_deg"": null, ""camera_range_m"
2026-07-16T16:12:05.040,21.041,mission_20260716_161144_auto,AUTO,,1,13.329360008239746,100.99790954589844,151.1441769733233,4,True,-1.0,0,128,128,87816,130928,0.0,-1.2240000128746034,-0.6120000064373017,0,2,13.329325675964355,100.99787902832031,5.047472780279846,89,25.799999237060547,-33.70000076293945,34.0,0,30,-,READY owner=Surnn refs=24,"{""cmd"": ""STOP"", ""status"": ""READY"", ""detector"": ""yolo"", ""state"": ""IDLE"", ""owner"": ""Surnn"", ""score"": null, ""match_max"": 0.5, ""refs"": 24, ""match_mode"": ""none"", ""steer_zones"": 41, ""people"": 0, ""track_id"": null, ""target_ex"": 0.0, ""target_cx_vel_px_s"": 0.0, ""target_age_s"": null, ""lidar_min_m"": 1.06, ""target_lidar_m"": null, ""target_lidar_deg"": null, ""camera_range_m"
2026-07-16T16:12:06.045,22.046,mission_20260716_161144_auto,AUTO,,1,13.329360961914062,100.99790954589844,163.8486976597622,4,True,-1.0,0,128,128,87818,130651,0.0,-1.0548000454902648,-0.525599992275238,0,2,13.329325675964355,100.99787902832031,5.128146504550413,89,25.799999237060547,-33.70000076293945,34.0,0,30,-,READY owner=Surnn refs=24,"{""cmd"": ""STOP"", ""status"": ""READY"", ""detector"": ""yolo"", ""state"": ""IDLE"", ""owner"": ""Surnn"", ""score"": null, ""match_max"": 0.5, ""refs"": 24, ""match_mode"": ""none"", ""steer_zones"": 41, ""people"": 0, ""track_id"": null, ""target_ex"": 0.0, ""target_cx_vel_px_s"": 0.0, ""target_age_s"": null, ""lidar_min_m"": 1.05, ""target_lidar_m"": null, ""target_lidar_deg"": null, ""camera_range_m"
2026-07-16T16:12:07.050,23.051,mission_20260716_161144_auto,AUTO,,1,13.329361915588379,100.9979019165039,177.42872565439168,4,True,-1.0,0,128,128,87804,130373,0.0,-1.206000030040741,-0.6011999845504761,0,2,13.329325675964355,100.99787902832031,4.7298175823119095,89,25.799999237060547,-34.0,34.0,0,30,-,READY owner=Surnn refs=24,"{""cmd"": ""STOP"", ""status"": ""READY"", ""detector"": ""yolo"", ""state"": ""IDLE"", ""owner"": ""Surnn"", ""score"": null, ""match_max"": 0.5, ""refs"": 24, ""match_mode"": ""none"", ""steer_zones"": 41, ""people"": 0, ""track_id"": null, ""target_ex"": 0.0, ""target_cx_vel_px_s"": 0.0, ""target_age_s"": null, ""lidar_min_m"": 1.08, ""target_lidar_m"": null, ""target_lidar_deg"": null, ""camera_range_m"
2026-07-16T16:12:08.055,24.055,mission_20260716_161144_auto,AUTO,,1,13.329362869262695,100.9979019165039,-175.53662665051473,4,True,-1.0,0,-36,128,87818,130267,0.0,0.0,0.0,0,2,13.329325675964355,100.99787902832031,4.820483439365379,89,25.899999618530273,-30.399999618530273,33.0,0,30,-,READY owner=Surnn refs=24,"{""cmd"": ""STOP"", ""status"": ""READY"", ""detector"": ""yolo"", ""state"": ""IDLE"", ""owner"": ""Surnn"", ""score"": null, ""match_max"": 0.5, ""refs"": 24, ""match_mode"": ""none"", ""steer_zones"": 41, ""people"": 0, ""track_id"": null, ""target_ex"": 0.0, ""target_cx_vel_px_s"": 0.0, ""target_age_s"": null, ""lidar_min_m"": 1.03, ""target_lidar_m"": null, ""target_lidar_deg"": null, ""camera_range_m"
2026-07-16T16:12:09.057,25.058,mission_20260716_161144_auto,AUTO,,1,13.329360008239746,100.9979019165039,-177.47183780843278,4,True,-1.0,0,-105,128,88314,130780,2.466000008583069,2.505599927902222,2.483999991416931,0,2,13.329325675964355,100.99787902832031,4.550480585982637,89,25.899999618530273,-18.899999618530273,33.0,0,30,-,READY owner=Surnn refs=24,"{""cmd"": ""STOP"", ""status"": ""READY"", ""detector"": ""yolo"", ""state"": ""IDLE"", ""owner"": ""Surnn"", ""score"": null, ""match_max"": 0.5, ""refs"": 24, ""match_mode"": ""none"", ""steer_zones"": 41, ""people"": 0, ""track_id"": null, ""target_ex"": 0.0, ""target_cx_vel_px_s"": 0.0, ""target_age_s"": null, ""lidar_min_m"": 1.0, ""target_lidar_m"": null, ""target_lidar_deg"": null, ""camera_range_m"""
2026-07-16T16:12:10.060,26.06,mission_20260716_161144_auto,AUTO,,1,13.329354286193848,100.9979019165039,-176.42463320488645,4,True,-1.0,0,-81,128,89162,131596,3.1247998952865603,3.1247998952865603,3.1247998952865603,0,2,13.329325675964355,100.99787902832031,4.031593284971454,89,26.0,-13.5,33.0,0,30,-,READY owner=Surnn refs=24,"{""cmd"": ""STOP"", ""status"": ""READY"", ""detector"": ""yolo"", ""state"": ""IDLE"", ""owner"": ""Surnn"", ""score"": null, ""match_max"": 0.5, ""refs"": 24, ""match_mode"": ""none"", ""steer_zones"": 41, ""people"": 0, ""track_id"": null, ""target_ex"": 0.0, ""target_cx_vel_px_s"": 0.0, ""target_age_s"": null, ""lidar_min_m"": 1.77, ""target_lidar_m"": null, ""target_lidar_deg"": null, ""camera_range_m"
2026-07-16T16:12:11.060,27.061,mission_20260716_161144_auto,AUTO,,1,13.329345703125,100.9979019165039,-176.7415813031317,4,True,-1.0,0,-105,128,90089,132524,3.632399797439575,3.7259998798370364,3.6791998386383056,0,2,13.329325675964355,100.99787902832031,3.3304898967674568,89,25.899999618530273,-13.800000190734863,33.0,0,30,-,READY owner=Surnn refs=24,"{""cmd"": ""STOP"", ""status"": ""READY"", ""detector"": ""yolo"", ""state"": ""IDLE"", ""owner"": ""Surnn"", ""score"": null, ""match_max"": 0.5, ""refs"": 24, ""match_mode"": ""none"", ""steer_zones"": 41, ""people"": 0, ""track_id"": null, ""target_ex"": 0.0, ""target_cx_vel_px_s"": 0.0, ""target_age_s"": null, ""lidar_min_m"": 7.38, ""target_lidar_m"": null, ""target_lidar_deg"": null, ""camera_range_m"
2026-07-16T16:12:12.065,28.066,mission_20260716_161144_auto,AUTO,,1,13.329337120056152,100.9979019165039,-177.1219818587664,4,True,-1.0,0,-105,128,90614,133550,0.9792000532150269,3.93480019569397,2.455199933052063,0,2,13.329325675964355,100.99787902832031,2.784298152196602,89,26.0,-12.699999809265137,33.0,0,30,-,READY owner=Surnn refs=24,"{""cmd"": ""STOP"", ""status"": ""READY"", ""detector"": ""yolo"", ""state"": ""IDLE"", ""owner"": ""Surnn"", ""score"": null, ""match_max"": 0.5, ""refs"": 24, ""match_mode"": ""none"", ""steer_zones"": 41, ""people"": 0, ""track_id"": null, ""target_ex"": 0.0, ""target_cx_vel_px_s"": 0.0, ""target_age_s"": null, ""lidar_min_m"": null, ""target_lidar_m"": null, ""target_lidar_deg"": null, ""camera_range_m"
2026-07-16T16:12:13.071,29.071,mission_20260716_161144_auto,AUTO,,1,13.329331398010254,100.99789428710938,-177.3685653481822,4,True,-1.0,0,-105,128,90927,134626,0.7164000034332275,4.197600030899048,2.455199933052063,0,2,13.329325675964355,100.99787902832031,1.769351916243252,89,26.0,-11.800000190734863,33.0,0,30,-,READY owner=Surnn refs=24,"{""cmd"": ""STOP"", ""status"": ""READY"", ""detector"": ""yolo"", ""state"": ""IDLE"", ""owner"": ""Surnn"", ""score"": null, ""match_max"": 0.5, ""refs"": 24, ""match_mode"": ""none"", ""steer_zones"": 41, ""people"": 0, ""track_id"": null, ""target_ex"": 0.0, ""target_cx_vel_px_s"": 0.0, ""target_age_s"": null, ""lidar_min_m"": null, ""target_lidar_m"": null, ""target_lidar_deg"": null, ""camera_range_m"
2026-07-16T16:12:14.094,30.094,mission_20260716_161144_auto,AUTO,,1,13.329330444335938,100.99789428710938,-176.41912807241542,4,True,-1.0,0,-81,128,92014,135670,4.067999982833863,3.8987998008728026,3.981599807739258,0,2,13.329325675964355,100.99787902832031,1.7340438801667708,89,26.0,-9.5,34.0,0,30,-,READY owner=Surnn refs=24,"{""cmd"": ""STOP"", ""status"": ""READY"", ""detector"": ""yolo"", ""state"": ""IDLE"", ""owner"": ""Surnn"", ""score"": null, ""match_max"": 0.5, ""refs"": 24, ""match_mode"": ""none"", ""steer_zones"": 41, ""people"": 0, ""track_id"": null, ""target_ex"": 0.0, ""target_cx_vel_px_s"": 0.0, ""target_age_s"": null, ""lidar_min_m"": null, ""target_lidar_m"": null, ""target_lidar_deg"": null, ""camera_range_m"
2026-07-16T16:12:15.095,31.095,mission_20260716_161144_auto,AUTO,,1,13.329330444335938,100.99789428710938,-177.1624575597879,4,True,-1.0,0,-105,128,92758,136718,1.8648000240325928,3.952800178527832,2.9088001012802125,0,2,13.329325675964355,100.99787902832031,1.7340438801667708,89,26.0,-11.899999618530273,34.0,0,30,-,READY owner=Surnn refs=24,"{""cmd"": ""STOP"", ""status"": ""READY"", ""detector"": ""yolo"", ""state"": ""IDLE"", ""owner"": ""Surnn"", ""score"": null, ""match_max"": 0.5, ""refs"": 24, ""match_mode"": ""none"", ""steer_zones"": 41, ""people"": 0, ""track_id"": null, ""target_ex"": 0.0, ""target_cx_vel_px_s"": 0.0, ""target_age_s"": null, ""lidar_min_m"": null, ""target_lidar_m"": null, ""target_lidar_deg"": null, ""camera_range_m"
2026-07-16T16:12:16.095,32.095,mission_20260716_161144_auto,AUTO,,1,13.329330444335938,100.99789428710938,-176.82344795052347,4,True,-1.0,0,-50,128,93101,137751,1.206000030040741,3.671999931335449,2.4371999502182007,0,2,13.329325675964355,100.99787902832031,1.7340438801667708,89,26.0,-10.899999618530273,34.0,0,30,-,READY owner=Surnn refs=24,"{""cmd"": ""STOP"", ""status"": ""READY"", ""detector"": ""yolo"", ""state"": ""IDLE"", ""owner"": ""Surnn"", ""score"": null, ""match_max"": 0.5, ""refs"": 24, ""match_mode"": ""none"", ""steer_zones"": 41, ""people"": 0, ""track_id"": null, ""target_ex"": 0.0, ""target_cx_vel_px_s"": 0.0, ""target_age_s"": null, ""lidar_min_m"": 6.06, ""target_lidar_m"": null, ""target_lidar_deg"": null, ""camera_range_m"
2026-07-16T16:12:17.095,33.095,mission_20260716_161144_auto,AUTO,,1,13.329330444335938,100.99789428710938,-176.33323161341332,4,True,-1.0,0,-105,128,93706,138720,2.2031999588012696,3.707999897003174,2.9555999279022216,0,2,13.329325675964355,100.99787902832031,1.7340438801667708,89,26.0,-12.300000190734863,34.0,0,30,-,READY owner=Surnn refs=24,"{""cmd"": ""STOP"", ""status"": ""READY"", ""detector"": ""yolo"", ""state"": ""IDLE"", ""owner"": ""Surnn"", ""score"": null, ""match_max"": 0.5, ""refs"": 24, ""match_mode"": ""none"", ""steer_zones"": 41, ""people"": 0, ""track_id"": null, ""target_ex"": 0.0, ""target_cx_vel_px_s"": 0.0, ""target_age_s"": null, ""lidar_min_m"": 5.95, ""target_lidar_m"": null, ""target_lidar_deg"": null, ""camera_range_m"
2026-07-16T16:12:18.096,34.097,mission_20260716_161144_auto,AUTO,,1,13.329330444335938,100.99789428710938,-177.11345778268222,4,True,-1.0,0,-105,128,94657,139726,3.9168002128601076,3.8232001304626464,3.870000171661377,0,2,13.329325675964355,100.99787902832031,1.7340438801667708,89,26.0,-12.699999809265137,34.0,0,30,-,READY owner=Surnn refs=24,"{""cmd"": ""STOP"", ""status"": ""READY"", ""detector"": ""yolo"", ""state"": ""IDLE"", ""owner"": ""Surnn"", ""score"": null, ""match_max"": 0.5, ""refs"": 24, ""match_mode"": ""none"", ""steer_zones"": 41, ""people"": 0, ""track_id"": null, ""target_ex"": 0.0, ""target_cx_vel_px_s"": 0.0, ""target_age_s"": null, ""lidar_min_m"": 5.9, ""target_lidar_m"": null, ""target_lidar_deg"": null, ""camera_range_m"""
2026-07-16T16:12:19.100,35.101,mission_20260716_161144_auto,AUTO,,1,13.329330444335938,100.99789428710938,-178.07618660657386,4,True,-1.0,0,-86,128,95697,140772,3.93480019569397,3.992399883270264,3.9635998249053954,0,2,13.329325675964355,100.99787902832031,1.7340438801667708,89,26.0,-12.899999618530273,34.0,0,30,-,READY owner=Surnn refs=24,"{""cmd"": ""STOP"", ""status"": ""READY"", ""detector"": ""yolo"", ""state"": ""IDLE"", ""owner"": ""Surnn"", ""score"": null, ""match_max"": 0.5, ""refs"": 24, ""match_mode"": ""none"", ""steer_zones"": 41, ""people"": 0, ""track_id"": null, ""target_ex"": 0.0, ""target_cx_vel_px_s"": 0.0, ""target_age_s"": null, ""lidar_min_m"": 6.62, ""target_lidar_m"": null, ""target_lidar_deg"": null, ""camera_range_m"
2026-07-16T16:12:20.105,36.106,mission_20260716_161144_auto,AUTO,,1,13.329330444335938,100.99789428710938,-167.72284925888513,4,True,-1.0,0,-58,128,96461,141267,1.6199999570846557,1.486799955368042,1.5515999794006348,0,2,13.329325675964355,100.99787902832031,1.7340438801667708,89,26.0,-12.5,34.0,0,30,-,READY owner=Surnn refs=24,"{""cmd"": ""STOP"", ""status"": ""READY"", ""detector"": ""yolo"", ""state"": ""IDLE"", ""owner"": ""Surnn"", ""score"": null, ""match_max"": 0.5, ""refs"": 24, ""match_mode"": ""none"", ""steer_zones"": 41, ""people"": 0, ""track_id"": null, ""target_ex"": 0.0, ""target_cx_vel_px_s"": 0.0, ""target_age_s"": null, ""lidar_min_m"": 6.51, ""target_lidar_m"": null, ""target_lidar_deg"": null, ""camera_range_m"
2026-07-16T16:12:21.105,37.106,mission_20260716_161144_auto,AUTO,,1,13.329330444335938,100.99789428710938,-168.70263989532347,4,True,-1.0,0,-105,128,97103,141917,2.9375999450683596,2.9195999622344972,2.926800084114075,0,2,13.329325675964355,100.99787902832031,1.7340438801667708,89,25.899999618530273,-18.0,34.0,0,30,-,READY owner=Surnn refs=24,"{""cmd"": ""STOP"", ""status"": ""READY"", ""detector"": ""yolo"", ""state"": ""IDLE"", ""owner"": ""Surnn"", ""score"": null, ""match_max"": 0.5, ""refs"": 24, ""match_mode"": ""none"", ""steer_zones"": 41, ""people"": 0, ""track_id"": null, ""target_ex"": 0.0, ""target_cx_vel_px_s"": 0.0, ""target_age_s"": null, ""lidar_min_m"": 3.63, ""target_lidar_m"": null, ""target_lidar_deg"": null, ""camera_range_m"
2026-07-16T16:12:22.110,38.11,mission_20260716_161144_auto,AUTO,,1,13.329330444335938,100.99789428710938,-168.63484343762192,4,True,-1.0,0,-105,128,98028,142835,3.614399814605713,3.5784000635147097,3.5964000463485717,0,2,13.329325675964355,100.99787902832031,1.7340438801667708,89,26.0,-14.5,34.0,0,30,-,READY owner=Surnn refs=24,"{""cmd"": ""STOP"", ""status"": ""READY"", ""detector"": ""yolo"", ""state"": ""IDLE"", ""owner"": ""Surnn"", ""score"": null, ""match_max"": 0.5, ""refs"": 24, ""match_mode"": ""none"", ""steer_zones"": 41, ""people"": 0, ""track_id"": null, ""target_ex"": 0.0, ""target_cx_vel_px_s"": 0.0, ""target_age_s"": null, ""lidar_min_m"": 4.23, ""target_lidar_m"": null, ""target_lidar_deg"": null, ""camera_range_m"
2026-07-16T16:12:23.115,39.115,mission_20260716_161144_auto,AUTO,,1,13.329330444335938,100.99789428710938,-169.62030313107135,4,True,-1.0,0,-105,128,99021,143818,3.707999897003174,3.707999897003174,3.707999897003174,0,2,13.329325675964355,100.99787902832031,1.7340438801667708,89,26.0,-13.100000381469727,34.0,0,30,-,READY owner=Surnn refs=24,"{""cmd"": ""STOP"", ""status"": ""READY"", ""detector"": ""yolo"", ""state"": ""IDLE"", ""owner"": ""Surnn"", ""score"": null, ""match_max"": 0.5, ""refs"": 24, ""match_mode"": ""none"", ""steer_zones"": 41, ""people"": 0, ""track_id"": null, ""target_ex"": 0.0, ""target_cx_vel_px_s"": 0.0, ""target_age_s"": null, ""lidar_min_m"": 3.22, ""target_lidar_m"": null, ""target_lidar_deg"": null, ""camera_range_m"
2026-07-16T16:12:24.119,40.12,mission_20260716_161144_auto,AUTO,,1,13.329330444335938,100.99789428710938,-169.9608290423315,4,True,-1.0,0,-105,128,100015,144793,3.7656000137329104,3.7835999965667724,3.776400089263916,0,2,13.329325675964355,100.99787902832031,1.7340438801667708,89,26.0,-13.600000381469727,34.0,0,30,-,READY owner=Surnn refs=24,"{""cmd"": ""STOP"", ""status"": ""READY"", ""detector"": ""yolo"", ""state"": ""IDLE"", ""owner"": ""Surnn"", ""score"": null, ""match_max"": 0.5, ""refs"": 24, ""match_mode"": ""none"", ""steer_zones"": 41, ""people"": 0, ""track_id"": null, ""target_ex"": 0.0, ""target_cx_vel_px_s"": 0.0, ""target_age_s"": null, ""lidar_min_m"": 3.22, ""target_lidar_m"": null, ""target_lidar_deg"": null, ""camera_range_m"
2026-07-16T16:12:25.120,41.12,mission_20260716_161144_auto,AUTO,,1,13.329330444335938,100.99789428710938,-170.25944491284446,4,True,-1.0,0,-105,128,100994,145775,3.707999897003174,3.5567999124526977,3.632399797439575,0,2,13.329325675964355,100.99787902832031,1.7340438801667708,89,26.0,-13.600000381469727,34.0,0,30,-,READY owner=Surnn refs=24,"{""cmd"": ""STOP"", ""status"": ""READY"", ""detector"": ""yolo"", ""state"": ""IDLE"", ""owner"": ""Surnn"", ""score"": null, ""match_max"": 0.5, ""refs"": 24, ""match_mode"": ""none"", ""steer_zones"": 41, ""people"": 0, ""track_id"": null, ""target_ex"": 0.0, ""target_cx_vel_px_s"": 0.0, ""target_age_s"": null, ""lidar_min_m"": 3.5, ""target_lidar_m"": null, ""target_lidar_deg"": null, ""camera_range_m"""
2026-07-16T16:12:26.120,42.12,mission_20260716_161144_auto,AUTO,,1,13.329330444335938,100.99789428710938,-170.8670585414088,4,True,-1.0,0,-105,128,101990,146768,3.707999897003174,3.7259998798370364,3.7187999725341796,0,2,13.329325675964355,100.99787902832031,1.7340438801667708,89,26.0,-13.0,34.0,0,30,-,READY owner=Surnn refs=24,"{""cmd"": ""STOP"", ""status"": ""READY"", ""detector"": ""yolo"", ""state"": ""IDLE"", ""owner"": ""Surnn"", ""score"": null, ""match_max"": 0.5, ""refs"": 24, ""match_mode"": ""none"", ""steer_zones"": 41, ""people"": 0, ""track_id"": null, ""target_ex"": 0.0, ""target_cx_vel_px_s"": 0.0, ""target_age_s"": null, ""lidar_min_m"": 1.95, ""target_lidar_m"": null, ""target_lidar_deg"": null, ""camera_range_m"
2026-07-16T16:12:27.120,43.12,mission_20260716_161144_auto,AUTO,,1,13.329330444335938,100.99789428710938,-171.25771804117684,4,True,-1.0,0,-105,128,103006,147785,3.859200096130371,3.8015999794006348,3.830400037765503,0,2,13.329325675964355,100.99787902832031,1.7340438801667708,89,26.0,-12.699999809265137,34.0,0,30,-,READY owner=Surnn refs=24,"{""cmd"": ""STOP"", ""status"": ""READY"", ""detector"": ""yolo"", ""state"": ""IDLE"", ""owner"": ""Surnn"", ""score"": null, ""match_max"": 0.5, ""refs"": 24, ""match_mode"": ""none"", ""steer_zones"": 41, ""people"": 0, ""track_id"": null, ""target_ex"": 0.0, ""target_cx_vel_px_s"": 0.0, ""target_age_s"": null, ""lidar_min_m"": 3.72, ""target_lidar_m"": null, ""target_lidar_deg"": null, ""camera_range_m"
2026-07-16T16:12:28.120,44.121,mission_20260716_161144_auto,AUTO,,1,13.329330444335938,100.99789428710938,-172.1788783337798,4,True,-1.0,0,-105,128,104034,148819,3.859200096130371,3.93480019569397,3.8987998008728026,0,2,13.329325675964355,100.99787902832031,1.7340438801667708,89,26.0,-12.899999618530273,34.0,0,30,-,READY owner=Surnn refs=24,"{""cmd"": ""STOP"", ""status"": ""READY"", ""detector"": ""yolo"", ""state"": ""IDLE"", ""owner"": ""Surnn"", ""score"": null, ""match_max"": 0.5, ""refs"": 24, ""match_mode"": ""none"", ""steer_zones"": 41, ""people"": 0, ""track_id"": null, ""target_ex"": 0.0, ""target_cx_vel_px_s"": 0.0, ""target_age_s"": null, ""lidar_min_m"": 4.77, ""target_lidar_m"": null, ""target_lidar_deg"": null, ""camera_range_m"
2026-07-16T16:12:29.123,45.123,mission_20260716_161144_auto,AUTO,,1,13.329330444335938,100.99789428710938,-172.73715067577996,4,True,-1.0,0,-105,128,105082,149860,4.067999982833863,3.9168002128601076,3.992399883270264,0,2,13.329325675964355,100.99787902832031,1.7340438801667708,89,26.0,-12.5,34.0,0,30,-,READY owner=Surnn refs=24,"{""cmd"": ""STOP"", ""status"": ""READY"", ""detector"": ""yolo"", ""state"": ""IDLE"", ""owner"": ""Surnn"", ""score"": null, ""match_max"": 0.5, ""refs"": 24, ""match_mode"": ""none"", ""steer_zones"": 41, ""people"": 0, ""track_id"": null, ""target_ex"": 0.0, ""target_cx_vel_px_s"": 0.0, ""target_age_s"": null, ""lidar_min_m"": 4.79, ""target_lidar_m"": null, ""target_lidar_deg"": null, ""camera_range_m"
2026-07-16T16:12:30.125,46.126,mission_20260716_161144_auto,AUTO,,1,13.329330444335938,100.99789428710938,-172.60943979867906,4,True,-1.0,0,-105,128,106076,150895,4.028399848937989,3.992399883270264,4.010399866104126,0,2,13.329325675964355,100.99787902832031,1.7340438801667708,89,26.0,-12.5,34.0,0,30,-,READY owner=Surnn refs=24,"{""cmd"": ""STOP"", ""status"": ""READY"", ""detector"": ""yolo"", ""state"": ""IDLE"", ""owner"": ""Surnn"", ""score"": null, ""match_max"": 0.5, ""refs"": 24, ""match_mode"": ""none"", ""steer_zones"": 41, ""people"": 0, ""track_id"": null, ""target_ex"": 0.0, ""target_cx_vel_px_s"": 0.0, ""target_age_s"": null, ""lidar_min_m"": 5.86, ""target_lidar_m"": null, ""target_lidar_deg"": null, ""camera_range_m"
2026-07-16T16:12:31.130,47.13,mission_20260716_161144_auto,AUTO,,1,13.329330444335938,100.99789428710938,-172.53053745338707,4,True,-1.0,0,-105,128,106301,151966,0.0,4.1039999485015874,2.0519999742507937,0,2,13.329325675964355,100.99787902832031,1.7340438801667708,89,26.0,-12.100000381469727,34.0,0,30,-,READY owner=Surnn refs=24,"{""cmd"": ""STOP"", ""status"": ""READY"", ""detector"": ""yolo"", ""state"": ""IDLE"", ""owner"": ""Surnn"", ""score"": null, ""match_max"": 0.5, ""refs"": 24, ""match_mode"": ""none"", ""steer_zones"": 41, ""people"": 0, ""track_id"": null, ""target_ex"": 0.0, ""target_cx_vel_px_s"": 0.0, ""target_age_s"": null, ""lidar_min_m"": 6.06, ""target_lidar_m"": null, ""target_lidar_deg"": null, ""camera_range_m"
2026-07-16T16:12:32.130,48.131,mission_20260716_161144_auto,AUTO,,1,13.329330444335938,100.99789428710938,-171.21751554772217,4,True,-1.0,0,-105,128,106301,153055,0.0,4.046399831771851,2.0231999158859253,0,2,13.329325675964355,100.99787902832031,1.7340438801667708,89,26.0,-11.300000190734863,34.0,0,30,-,READY owner=Surnn refs=24,"{""cmd"": ""STOP"", ""status"": ""READY"", ""detector"": ""yolo"", ""state"": ""IDLE"", ""owner"": ""Surnn"", ""score"": null, ""match_max"": 0.5, ""refs"": 24, ""match_mode"": ""none"", ""steer_zones"": 41, ""people"": 0, ""track_id"": null, ""target_ex"": 0.0, ""target_cx_vel_px_s"": 0.0, ""target_age_s"": null, ""lidar_min_m"": 6.49, ""target_lidar_m"": null, ""target_lidar_deg"": null, ""camera_range_m"
2026-07-16T16:12:33.136,49.136,mission_20260716_161144_auto,AUTO,,1,13.329330444335938,100.99789428710938,-172.1348509343899,4,True,-1.0,0,-105,128,106301,154178,0.0,4.3127998352050785,2.1563999176025392,0,2,13.329325675964355,100.99787902832031,1.7340438801667708,89,26.0,-10.899999618530273,34.0,0,30,-,READY owner=Surnn refs=24,"{""cmd"": ""STOP"", ""status"": ""READY"", ""detector"": ""yolo"", ""state"": ""IDLE"", ""owner"": ""Surnn"", ""score"": null, ""match_max"": 0.5, ""refs"": 24, ""match_mode"": ""none"", ""steer_zones"": 41, ""people"": 0, ""track_id"": null, ""target_ex"": 0.0, ""target_cx_vel_px_s"": 0.0, ""target_age_s"": null, ""lidar_min_m"": 7.02, ""target_lidar_m"": null, ""target_lidar_deg"": null, ""camera_range_m"
2026-07-16T16:12:33.867,,mission_20260716_161144_auto,AUTO,PAUSE,,,,,,,,,,,,,,,,,,,,,,,,,,,,READY owner=Surnn refs=24,"{""cmd"": ""STOP"", ""status"": ""READY"", ""detector"": ""yolo"", ""state"": ""IDLE"", ""owner"": ""Surnn"", ""score"": null, ""match_max"": 0.5, ""refs"": 24, ""match_mode"": ""none"", ""steer_zones"": 41, ""people"": 0, ""track_id"": null, ""target_ex"": 0.0, ""target_cx_vel_px_s"": 0.0, ""target_age_s"": null, ""lidar_min_m"": 8.71, ""target_lidar_m"": null, ""target_lidar_deg"": null, ""camera_range_m"
2026-07-16T16:12:33.868,,mission_20260716_161144_auto,AUTO,PAUSE,,,,,,,,,,,,,,,,,,,,,,,,,,,,FOLLOW PAUSED,"{""cmd"": ""STOP"", ""status"": ""READY"", ""detector"": ""yolo"", ""state"": ""IDLE"", ""owner"": ""Surnn"", ""score"": null, ""match_max"": 0.5, ""refs"": 24, ""match_mode"": ""none"", ""steer_zones"": 41, ""people"": 0, ""track_id"": null, ""target_ex"": 0.0, ""target_cx_vel_px_s"": 0.0, ""target_age_s"": null, ""lidar_min_m"": 8.71, ""target_lidar_m"": null, ""target_lidar_deg"": null, ""camera_range_m"
2026-07-16T16:12:34.038,,mission_20260716_161144_auto,AUTO,PAUSE,,,,,,,,,,,,,,,,,,,,,,,,,,,,FOLLOW PAUSED,"{""cmd"": ""STOP"", ""status"": ""READY"", ""detector"": ""yolo"", ""state"": ""IDLE"", ""owner"": ""Surnn"", ""score"": null, ""match_max"": 0.5, ""refs"": 24, ""match_mode"": ""none"", ""steer_zones"": 41, ""people"": 0, ""track_id"": null, ""target_ex"": 0.0, ""target_cx_vel_px_s"": 0.0, ""target_age_s"": null, ""lidar_min_m"": 8.71, ""target_lidar_m"": null, ""target_lidar_deg"": null, ""camera_range_m"
2026-07-16T16:12:34.137,50.137,mission_20260716_161144_auto,AUTO,,1,13.329215049743652,100.99787139892578,-172.26094988684667,4,True,-1.0,0,0,0,106586,155224,3.502799963951111,4.237200164794922,3.870000171661377,0,2,13.329325675964355,100.99787902832031,12.328741953344005,89,26.100000381469727,-10.800000190734863,34.0,0,30,-,FOLLOW PAUSED,"{""cmd"": ""STOP"", ""status"": ""READY"", ""detector"": ""yolo"", ""state"": ""IDLE"", ""owner"": ""Surnn"", ""score"": null, ""match_max"": 0.5, ""refs"": 24, ""match_mode"": ""none"", ""steer_zones"": 41, ""people"": 0, ""track_id"": null, ""target_ex"": 0.0, ""target_cx_vel_px_s"": 0.0, ""target_age_s"": null, ""lidar_min_m"": 8.71, ""target_lidar_m"": null, ""target_lidar_deg"": null, ""camera_range_m"
2026-07-16T16:12:35.137,51.138,mission_20260716_161144_auto,AUTO,,1,13.329133987426758,100.99785614013672,-172.58105353248848,4,True,-1.0,0,0,0,106633,155272,0.0,0.0,0.0,0,2,13.329325675964355,100.99787902832031,21.45817785807643,89,26.100000381469727,-1.5,34.0,0,30,-,READY owner=Surnn refs=24,"{""cmd"": ""STOP"", ""status"": ""READY"", ""detector"": ""yolo"", ""state"": ""IDLE"", ""owner"": ""Surnn"", ""score"": null, ""match_max"": 0.5, ""refs"": 24, ""match_mode"": ""none"", ""steer_zones"": 41, ""people"": 0, ""track_id"": null, ""target_ex"": 0.0, ""target_cx_vel_px_s"": 0.0, ""target_age_s"": null, ""lidar_min_m"": 8.12, ""target_lidar_m"": null, ""target_lidar_deg"": null, ""camera_range_m"
2026-07-16T16:12:36.140,52.141,mission_20260716_161144_auto,AUTO,,1,13.329129219055176,100.99785614013672,-172.7177802592938,4,True,-1.0,0,0,0,106633,155271,0.0,0.0,0.0,0,2,13.329325675964355,100.99787902832031,21.984938793520705,89,26.100000381469727,-1.399999976158142,34.0,0,30,-,READY owner=Surnn refs=24,"{""cmd"": ""STOP"", ""status"": ""READY"", ""detector"": ""yolo"", ""state"": ""IDLE"", ""owner"": ""Surnn"", ""score"": null, ""match_max"": 0.5, ""refs"": 24, ""match_mode"": ""none"", ""steer_zones"": 41, ""people"": 0, ""track_id"": null, ""target_ex"": 0.0, ""target_cx_vel_px_s"": 0.0, ""target_age_s"": null, ""lidar_min_m"": null, ""target_lidar_m"": null, ""target_lidar_deg"": null, ""camera_range_m"
2026-07-16T16:12:37.145,53.146,mission_20260716_161144_auto,AUTO,,1,13.329129219055176,100.99785614013672,-172.94018487904776,4,True,-1.0,0,0,0,106634,155271,0.0,0.0,0.0,0,2,13.329325675964355,100.99787902832031,21.984938793520705,89,26.100000381469727,-1.2000000476837158,34.0,0,30,-,READY owner=Surnn refs=24,"{""cmd"": ""STOP"", ""status"": ""READY"", ""detector"": ""yolo"", ""state"": ""IDLE"", ""owner"": ""Surnn"", ""score"": null, ""match_max"": 0.5, ""refs"": 24, ""match_mode"": ""none"", ""steer_zones"": 41, ""people"": 0, ""track_id"": null, ""target_ex"": 0.0, ""target_cx_vel_px_s"": 0.0, ""target_age_s"": null, ""lidar_min_m"": null, ""target_lidar_m"": null, ""target_lidar_deg"": null, ""camera_range_m"
2026-07-16T16:12:38.146,54.146,mission_20260716_161144_auto,AUTO,,1,13.32912826538086,100.99785614013672,-173.15847772492137,4,True,-1.0,0,0,0,106635,155271,0.0,0.0,0.0,0,2,13.329325675964355,100.99787902832031,22.090310834481475,89,26.100000381469727,-1.5,34.0,0,30,-,READY owner=Surnn refs=24,"{""cmd"": ""STOP"", ""status"": ""READY"", ""detector"": ""yolo"", ""state"": ""IDLE"", ""owner"": ""Surnn"", ""score"": null, ""match_max"": 0.5, ""refs"": 24, ""match_mode"": ""none"", ""steer_zones"": 41, ""people"": 0, ""track_id"": null, ""target_ex"": 0.0, ""target_cx_vel_px_s"": 0.0, ""target_age_s"": null, ""lidar_min_m"": 8.19, ""target_lidar_m"": null, ""target_lidar_deg"": null, ""camera_range_m"
2026-07-16T16:12:39.172,55.173,mission_20260716_161144_auto,AUTO,,1,13.32912826538086,100.99785614013672,-173.34438181375077,4,True,-1.0,0,0,0,106635,155271,0.0,0.0,0.0,0,2,13.329325675964355,100.99787902832031,22.090310834481475,89,26.100000381469727,-1.2999999523162842,34.0,0,31,-,READY owner=Surnn refs=24,"{""cmd"": ""STOP"", ""status"": ""READY"", ""detector"": ""yolo"", ""state"": ""IDLE"", ""owner"": ""Surnn"", ""score"": null, ""match_max"": 0.5, ""refs"": 24, ""match_mode"": ""none"", ""steer_zones"": 41, ""people"": 0, ""track_id"": null, ""target_ex"": 0.0, ""target_cx_vel_px_s"": 0.0, ""target_age_s"": null, ""lidar_min_m"": 8.09, ""target_lidar_m"": null, ""target_lidar_deg"": null, ""camera_range_m"
2026-07-16T16:12:40.175,56.176,mission_20260716_161144_auto,AUTO,,1,13.32912826538086,100.99785614013672,-173.50561525929808,4,True,-1.0,0,0,0,106635,155271,0.0,0.0,0.0,0,2,13.329325675964355,100.99787902832031,22.090310834481475,89,26.100000381469727,-1.399999976158142,34.0,0,31,-,READY owner=Surnn refs=24,"{""cmd"": ""STOP"", ""status"": ""READY"", ""detector"": ""yolo"", ""state"": ""IDLE"", ""owner"": ""Surnn"", ""score"": null, ""match_max"": 0.5, ""refs"": 24, ""match_mode"": ""none"", ""steer_zones"": 41, ""people"": 0, ""track_id"": null, ""target_ex"": 0.0, ""target_cx_vel_px_s"": 0.0, ""target_age_s"": null, ""lidar_min_m"": 8.04, ""target_lidar_m"": null, ""target_lidar_deg"": null, ""camera_range_m"
2026-07-16T16:12:41.180,57.181,mission_20260716_161144_auto,AUTO,,1,13.32912826538086,100.99785614013672,-173.6814926304259,4,True,-1.0,0,0,0,106635,155271,0.0,0.0,0.0,0,2,13.329325675964355,100.99787902832031,22.090310834481475,89,26.100000381469727,-1.2999999523162842,34.0,0,31,-,READY owner=Surnn refs=24,"{""cmd"": ""STOP"", ""status"": ""READY"", ""detector"": ""yolo"", ""state"": ""IDLE"", ""owner"": ""Surnn"", ""score"": null, ""match_max"": 0.5, ""refs"": 24, ""match_mode"": ""none"", ""steer_zones"": 41, ""people"": 0, ""track_id"": null, ""target_ex"": 0.0, ""target_cx_vel_px_s"": 0.0, ""target_age_s"": null, ""lidar_min_m"": null, ""target_lidar_m"": null, ""target_lidar_deg"": null, ""camera_range_m"
2026-07-16T16:12:42.185,58.185,mission_20260716_161144_auto,AUTO,,1,13.32912826538086,100.99785614013672,-173.85556683161286,4,True,-1.0,0,0,0,106635,155271,0.0,0.0,0.0,0,2,13.329325675964355,100.99787902832031,22.090310834481475,89,26.100000381469727,-1.5,34.0,0,31,-,READY owner=Surnn refs=24,"{""cmd"": ""STOP"", ""status"": ""READY"", ""detector"": ""yolo"", ""state"": ""IDLE"", ""owner"": ""Surnn"", ""score"": null, ""match_max"": 0.5, ""refs"": 24, ""match_mode"": ""none"", ""steer_zones"": 41, ""people"": 0, ""track_id"": null, ""target_ex"": 0.0, ""target_cx_vel_px_s"": 0.0, ""target_age_s"": null, ""lidar_min_m"": null, ""target_lidar_m"": null, ""target_lidar_deg"": null, ""camera_range_m"
2026-07-16T16:12:43.185,59.185,mission_20260716_161144_auto,AUTO,,1,13.329129219055176,100.99785614013672,-174.01524299402942,4,True,-1.0,0,0,0,106635,155271,0.0,0.0,0.0,0,2,13.329325675964355,100.99787902832031,21.984938793520705,89,26.100000381469727,-1.2000000476837158,34.0,0,31,-,READY owner=Surnn refs=24,"{""cmd"": ""STOP"", ""status"": ""READY"", ""detector"": ""yolo"", ""state"": ""IDLE"", ""owner"": ""Surnn"", ""score"": null, ""match_max"": 0.5, ""refs"": 24, ""match_mode"": ""none"", ""steer_zones"": 41, ""people"": 0, ""track_id"": null, ""target_ex"": 0.0, ""target_cx_vel_px_s"": 0.0, ""target_age_s"": null, ""lidar_min_m"": null, ""target_lidar_m"": null, ""target_lidar_deg"": null, ""camera_range_m"
2026-07-16T16:12:44.188,60.189,mission_20260716_161144_auto,AUTO,,1,13.329129219055176,100.99785614013672,-174.17924949637975,4,True,-1.0,0,0,0,106635,155271,0.0,0.0,0.0,0,2,13.329325675964355,100.99787902832031,21.984938793520705,89,26.100000381469727,-1.5,34.0,0,31,-,READY owner=Surnn refs=24,"{""cmd"": ""STOP"", ""status"": ""READY"", ""detector"": ""yolo"", ""state"": ""IDLE"", ""owner"": ""Surnn"", ""score"": null, ""match_max"": 0.5, ""refs"": 24, ""match_mode"": ""none"", ""steer_zones"": 41, ""people"": 0, ""track_id"": null, ""target_ex"": 0.0, ""target_cx_vel_px_s"": 0.0, ""target_age_s"": null, ""lidar_min_m"": 8.14, ""target_lidar_m"": null, ""target_lidar_deg"": null, ""camera_range_m"
2026-07-16T16:12:45.190,61.19,mission_20260716_161144_auto,AUTO,,1,13.329129219055176,100.99785614013672,-174.3512336596807,4,True,-1.0,0,0,0,106635,155271,0.0,0.0,0.0,0,2,13.329325675964355,100.99787902832031,21.984938793520705,89,26.100000381469727,-1.2999999523162842,34.0,0,31,-,READY owner=Surnn refs=24,"{""cmd"": ""STOP"", ""status"": ""READY"", ""detector"": ""yolo"", ""state"": ""IDLE"", ""owner"": ""Surnn"", ""score"": null, ""match_max"": 0.5, ""refs"": 24, ""match_mode"": ""none"", ""steer_zones"": 41, ""people"": 0, ""track_id"": null, ""target_ex"": 0.0, ""target_cx_vel_px_s"": 0.0, ""target_age_s"": null, ""lidar_min_m"": 8.14, ""target_lidar_m"": null, ""target_lidar_deg"": null, ""camera_range_m"
2026-07-16T16:12:46.190,62.19,mission_20260716_161144_auto,AUTO,,1,13.329129219055176,100.99785614013672,-174.4893947262117,4,True,-1.0,0,0,0,106635,155271,0.0,0.0,0.0,0,2,13.329325675964355,100.99787902832031,21.984938793520705,89,26.100000381469727,-1.399999976158142,34.0,0,31,-,READY owner=Surnn refs=24,"{""cmd"": ""STOP"", ""status"": ""READY"", ""detector"": ""yolo"", ""state"": ""IDLE"", ""owner"": ""Surnn"", ""score"": null, ""match_max"": 0.5, ""refs"": 24, ""match_mode"": ""none"", ""steer_zones"": 41, ""people"": 0, ""track_id"": null, ""target_ex"": 0.0, ""target_cx_vel_px_s"": 0.0, ""target_age_s"": null, ""lidar_min_m"": null, ""target_lidar_m"": null, ""target_lidar_deg"": null, ""camera_range_m"
