iso_time,elapsed_s,training_id,event,label,hw_mode,lat,lng,yaw_deg,gps_fix,gps_ready,ref_mode,ref_path_len,ref_segment_idx,ref_progress_m,ref_cross_track_m,ref_along_segment_m,ref_segment_len_m,ref_heading_deg,ref_heading_error_deg,ref_dist_to_start_m,ref_dist_to_end_m,lidar_min_front_m,lidar_obstacle,pwm_l,pwm_r,enc_l,enc_r,wheel_speed_l_kph,wheel_speed_r_kph,wheel_speed_avg_kph,battery_soc_pct,battery_voltage_v,battery_current_a,battery_temp_c,battery_status,wp_idx,path_len,target_lat,target_lng,dist_to_target_m
2026-06-17T14:45:59.200,0.123,training_20260617_144559_grid,SAMPLE,test2,0,13.34196662902832,101.0215072631836,56.322989820543256,4,True,GRID,8,6,37.16062032897597,-15.914821320959824,8.097843684999873,8.097843684999873,68.82610647149124,-12.503116650947987,33.29723635656981,26.468763932305492,3.015749931335449,1,0,0,0,0,0.0,0.0,0.0,92,26.299999237060547,-1.2999999523162842,35.0,0,0,0,nan,nan,nan
2026-06-17T14:45:59.403,0.326,training_20260617_144559_grid,SAMPLE,test2,0,13.34196662902832,101.0215072631836,56.319564480674494,4,True,GRID,8,6,37.16062032897597,-15.914821320959824,8.097843684999873,8.097843684999873,68.82610647149124,-12.506541990816743,33.29723635656981,26.468763932305492,3.0142500400543213,1,0,0,0,0,0.0,0.0,0.0,92,26.299999237060547,-1.2999999523162842,35.0,0,0,0,nan,nan,nan
2026-06-17T14:45:59.612,0.535,training_20260617_144559_grid,SAMPLE,test2,0,13.34196662902832,101.0215072631836,56.31894634855461,4,True,GRID,8,6,37.16062032897597,-15.914821320959824,8.097843684999873,8.097843684999873,68.82610647149124,-12.507160122936625,33.29723635656981,26.468763932305492,3.012500047683716,1,0,0,0,0,0.0,0.0,0.0,92,26.299999237060547,-1.2999999523162842,35.0,0,0,0,nan,nan,nan
2026-06-17T14:45:59.812,0.735,training_20260617_144559_grid,SAMPLE,test2,0,13.34196662902832,101.0215072631836,56.320828065670945,4,True,GRID,8,6,37.16062032897597,-15.914821320959824,8.097843684999873,8.097843684999873,68.82610647149124,-12.505278405820292,33.29723635656981,26.468763932305492,3.018749952316284,1,0,0,35,0,0.0,0.0,0.0,92,26.299999237060547,-1.5,35.0,0,0,0,nan,nan,nan
2026-06-17T14:46:00.211,1.134,training_20260617_144559_grid,SAMPLE,test2,0,13.34196662902832,101.0215072631836,56.31556198982087,4,True,GRID,8,6,37.16062032897597,-15.914821320959824,8.097843684999873,8.097843684999873,68.82610647149124,-12.510544481670365,33.29723635656981,26.468763932305492,3.0152499675750732,1,0,0,0,0,0.0,0.0,0.0,92,26.299999237060547,-1.5,35.0,0,0,0,nan,nan,nan
2026-06-17T14:46:00.412,1.335,training_20260617_144559_grid,SAMPLE,test2,0,13.34196662902832,101.0215072631836,56.312922121706656,4,True,GRID,8,6,37.16062032897597,-15.914821320959824,8.097843684999873,8.097843684999873,68.82610647149124,-12.51318434978458,33.29723635656981,26.468763932305492,3.013000011444092,1,0,0,0,0,0.0,0.0,0.0,92,26.299999237060547,-1.5,35.0,0,0,0,nan,nan,nan
2026-06-17T14:46:00.615,1.538,training_20260617_144559_grid,SAMPLE,test2,0,13.34196662902832,101.02149963378906,56.31026517811952,4,True,GRID,8,6,37.16062032897597,-16.21297489221024,8.097843684999873,8.097843684999873,68.82610647149124,-12.515841293371722,32.769682866635144,26.042424367411208,3.0197501182556152,1,0,0,0,0,0.0,0.0,0.0,92,26.299999237060547,-1.5,35.0,0,0,0,nan,nan,nan
2026-06-17T14:46:00.817,1.74,training_20260617_144559_grid,SAMPLE,test2,0,13.34196662902832,101.02149963378906,56.30868057423208,4,True,GRID,8,6,37.16062032897597,-16.21297489221024,8.097843684999873,8.097843684999873,68.82610647149124,-12.517425897259159,32.769682866635144,26.042424367411208,3.015500068664551,1,0,0,0,0,0.0,0.0,0.0,92,26.299999237060547,-1.5,35.0,0,0,0,nan,nan,nan
2026-06-17T14:46:01.025,1.948,training_20260617_144559_grid,SAMPLE,test2,0,13.34196662902832,101.02149963378906,56.30868057423208,4,True,GRID,8,6,37.16062032897597,-16.21297489221024,8.097843684999873,8.097843684999873,68.82610647149124,-12.517425897259159,32.769682866635144,26.042424367411208,3.0185000896453857,1,0,0,0,0,0.0,0.0,0.0,92,26.299999237060547,-1.5,35.0,0,0,0,nan,nan,nan
2026-06-17T14:46:01.420,2.343,training_20260617_144559_grid,SAMPLE,test2,0,13.34196662902832,101.02149963378906,56.30690130995329,4,True,GRID,8,6,37.16062032897597,-16.21297489221024,8.097843684999873,8.097843684999873,68.82610647149124,-12.519205161537968,32.769682866635144,26.042424367411208,3.0172500610351562,1,0,0,0,0,0.0,0.0,0.0,92,26.299999237060547,-1.5,35.0,0,0,0,nan,nan,nan
2026-06-17T14:46:01.627,2.55,training_20260617_144559_grid,SAMPLE,test2,0,13.341965675354004,101.02149963378906,56.306460762751826,4,True,GRID,8,6,37.16062032897597,-16.114090306629695,8.097843684999873,8.097843684999873,68.82610647149124,-12.519645708739404,32.68754133583563,25.95094318674194,3.016249895095825,1,0,0,0,0,0.0,0.0,0.0,92,26.299999237060547,-1.5,35.0,0,0,0,nan,nan,nan
2026-06-17T14:46:01.831,2.754,training_20260617_144559_grid,SAMPLE,test2,0,13.341965675354004,101.02149963378906,56.307106215628394,4,True,GRID,8,6,37.16062032897597,-16.114090306629695,8.097843684999873,8.097843684999873,68.82610647149124,-12.519000255862863,32.68754133583563,25.95094318674194,3.0139999389648438,1,0,0,0,0,0.0,0.0,0.0,92,26.299999237060547,-1.2999999523162842,35.0,0,0,0,nan,nan,nan
2026-06-17T14:46:02.036,2.959,training_20260617_144559_grid,SAMPLE,test2,0,13.341965675354004,101.02149963378906,56.307106215628394,4,True,GRID,8,6,37.16062032897597,-16.114090306629695,8.097843684999873,8.097843684999873,68.82610647149124,-12.519000255862863,32.68754133583563,25.95094318674194,3.01200008392334,1,0,0,0,0,0.0,0.0,0.0,92,26.299999237060547,-1.2999999523162842,35.0,0,0,0,nan,nan,nan
2026-06-17T14:46:02.239,3.162,training_20260617_144559_grid,SAMPLE,test2,0,13.341965675354004,101.02149963378906,56.30990317809351,4,True,GRID,8,6,37.16062032897597,-16.114090306629695,8.097843684999873,8.097843684999873,68.82610647149124,-12.516203293397723,32.68754133583563,25.95094318674194,3.0127499103546143,1,0,0,0,0,0.0,0.0,0.0,92,26.299999237060547,-1.2999999523162842,35.0,0,0,0,nan,nan,nan
2026-06-17T14:46:02.642,3.565,training_20260617_144559_grid,SAMPLE,test2,0,13.341965675354004,101.02149963378906,56.302400215290255,4,True,GRID,8,6,37.16062032897597,-16.114090306629695,8.097843684999873,8.097843684999873,68.82610647149124,-12.523706256200995,32.68754133583563,25.95094318674194,3.0185000896453857,1,0,0,0,0,0.0,0.0,0.0,92,26.299999237060547,-1.2999999523162842,35.0,0,0,0,nan,nan,nan
2026-06-17T14:46:02.874,3.797,training_20260617_144559_grid,SAMPLE,test2,0,13.341965675354004,101.02149963378906,56.3032778945986,4,True,GRID,8,6,37.16062032897597,-16.114090306629695,8.097843684999873,8.097843684999873,68.82610647149124,-12.522828576892636,32.68754133583563,25.95094318674194,3.0199999809265137,1,0,0,0,0,0.0,0.0,0.0,92,26.299999237060547,-1.2999999523162842,35.0,0,0,0,nan,nan,nan
2026-06-17T14:46:03.076,3.999,training_20260617_144559_grid,SAMPLE,test2,0,13.341965675354004,101.02149963378906,56.29943249809588,4,True,GRID,8,6,37.16062032897597,-16.114090306629695,8.097843684999873,8.097843684999873,68.82610647149124,-12.526673973395361,32.68754133583563,25.95094318674194,3.016249895095825,1,0,0,0,0,0.0,0.0,0.0,92,26.299999237060547,-1.2999999523162842,35.0,0,0,0,nan,nan,nan
2026-06-17T14:46:03.276,4.199,training_20260617_144559_grid,SAMPLE,test2,0,13.341965675354004,101.02149963378906,56.29943249809588,4,True,GRID,8,6,37.16062032897597,-16.114090306629695,8.097843684999873,8.097843684999873,68.82610647149124,-12.526673973395361,32.68754133583563,25.95094318674194,3.0197501182556152,1,0,0,0,0,0.0,0.0,0.0,92,26.299999237060547,-1.2999999523162842,35.0,0,0,0,nan,nan,nan
2026-06-17T14:46:03.482,4.405,training_20260617_144559_grid,SAMPLE,test2,0,13.341965675354004,101.02149963378906,56.29333996935623,4,True,GRID,8,6,37.16062032897597,-16.114090306629695,8.097843684999873,8.097843684999873,68.82610647149124,-12.532766502135019,32.68754133583563,25.95094318674194,3.0132501125335693,1,0,0,0,0,0.0,0.0,0.0,92,26.299999237060547,-1.2999999523162842,35.0,0,0,0,nan,nan,nan
2026-06-17T14:46:03.887,4.81,training_20260617_144559_grid,SAMPLE,test2,0,13.341964721679688,101.02149963378906,56.29505434683791,4,True,GRID,8,6,37.16062032897597,-16.015205721049146,8.097843684999873,8.097843684999873,68.82610647149124,-12.531052124653343,32.60553775873157,25.85957324053643,3.0144999027252197,1,0,0,0,0,0.0,0.0,0.0,92,26.299999237060547,-1.5,35.0,0,0,0,nan,nan,nan
2026-06-17T14:46:04.288,5.211,training_20260617_144559_grid,SAMPLE,test2,0,13.341964721679688,101.02149963378906,56.293281912748284,4,True,GRID,8,6,37.16062032897597,-16.015205721049146,8.097843684999873,8.097843684999873,68.82610647149124,-12.53282455874296,32.60553775873157,25.85957324053643,3.015500068664551,1,0,0,0,0,0.0,0.0,0.0,92,26.299999237060547,-1.5,35.0,0,0,0,nan,nan,nan
2026-06-17T14:46:04.491,5.414,training_20260617_144559_grid,SAMPLE,test2,0,13.341964721679688,101.02149963378906,56.28635268583531,4,True,GRID,8,6,37.16062032897597,-16.015205721049146,8.097843684999873,8.097843684999873,68.82610647149124,-12.539753785655932,32.60553775873157,25.85957324053643,3.0127499103546143,1,0,0,0,0,0.0,0.0,0.0,92,26.299999237060547,-1.5,35.0,0,0,0,nan,nan,nan
2026-06-17T14:46:04.699,5.622,training_20260617_144559_grid,SAMPLE,test2,0,13.341964721679688,101.02149963378906,56.28895498790909,4,True,GRID,8,6,37.16062032897597,-16.015205721049146,8.097843684999873,8.097843684999873,68.82610647149124,-12.537151483582164,32.60553775873157,25.85957324053643,3.0132501125335693,1,0,0,0,0,0.0,0.0,0.0,92,26.299999237060547,-1.399999976158142,35.0,0,0,0,nan,nan,nan
2026-06-17T14:46:05.103,6.026,training_20260617_144559_grid,SAMPLE,test2,0,13.341964721679688,101.02149963378906,56.286731761334245,4,True,GRID,8,6,37.16062032897597,-16.015205721049146,8.097843684999873,8.097843684999873,68.82610647149124,-12.539374710157006,32.60553775873157,25.85957324053643,3.0122499465942383,1,0,0,0,0,0.0,0.0,0.0,92,26.299999237060547,-1.399999976158142,35.0,0,0,0,nan,nan,nan
2026-06-17T14:46:05.311,6.234,training_20260617_144559_grid,SAMPLE,test2,0,13.341964721679688,101.02149963378906,56.28431728946264,4,True,GRID,8,6,37.16062032897597,-16.015205721049146,8.097843684999873,8.097843684999873,68.82610647149124,-12.541789182028594,32.60553775873157,25.85957324053643,3.0142500400543213,1,0,0,0,0,0.0,0.0,0.0,92,26.299999237060547,-1.399999976158142,35.0,0,0,0,nan,nan,nan
2026-06-17T14:46:05.511,6.434,training_20260617_144559_grid,SAMPLE,test2,0,13.341964721679688,101.02149963378906,56.28431728946264,4,True,GRID,8,6,37.16062032897597,-16.015205721049146,8.097843684999873,8.097843684999873,68.82610647149124,-12.541789182028594,32.60553775873157,25.85957324053643,3.018749952316284,1,0,0,0,0,0.0,0.0,0.0,92,26.299999237060547,-1.399999976158142,35.0,0,0,0,nan,nan,nan
2026-06-17T14:46:05.718,6.641,training_20260617_144559_grid,SAMPLE,test2,0,13.341964721679688,101.02149963378906,56.28592579901218,4,True,GRID,8,6,37.16062032897597,-16.015205721049146,8.097843684999873,8.097843684999873,68.82610647149124,-12.540180672479067,32.60553775873157,25.85957324053643,3.01924991607666,1,0,0,0,0,0.0,0.0,0.0,92,26.299999237060547,-1.2000000476837158,35.0,0,0,0,nan,nan,nan
2026-06-17T14:46:05.922,6.845,training_20260617_144559_grid,SAMPLE,test2,0,13.341963768005371,101.02149963378906,56.28389040263952,4,True,GRID,8,6,37.16062032897597,-15.916321135468602,8.097843684999873,8.097843684999873,68.82610647149124,-12.54221606885173,32.52367317881181,25.768315712048647,3.0195000171661377,1,0,0,0,0,0.0,0.0,0.0,92,26.299999237060547,-1.2000000476837158,35.0,0,0,0,nan,nan,nan
2026-06-17T14:46:06.127,7.05,training_20260617_144559_grid,SAMPLE,test2,0,13.341963768005371,101.02149963378906,56.285468176337794,4,True,GRID,8,6,37.16062032897597,-15.916321135468602,8.097843684999873,8.097843684999873,68.82610647149124,-12.540638295153457,32.52367317881181,25.768315712048647,3.0209999084472656,1,0,0,0,0,0.0,0.0,0.0,92,26.299999237060547,-1.2000000476837158,35.0,0,0,0,nan,nan,nan
2026-06-17T14:46:06.334,7.257,training_20260617_144559_grid,SAMPLE,test2,0,13.341963768005371,101.02149963378906,56.23998936174926,4,True,GRID,8,6,37.16062032897597,-15.916321135468602,8.097843684999873,8.097843684999873,68.82610647149124,-12.586117109741991,32.52367317881181,25.768315712048647,3.0114998817443848,1,-40,39,0,0,0.0,0.0,0.0,92,26.299999237060547,-1.2000000476837158,35.0,0,0,0,nan,nan,nan
2026-06-17T14:46:06.742,7.665,training_20260617_144559_grid,SAMPLE,test2,0,13.341963768005371,101.02149963378906,56.05520883903832,4,True,GRID,8,6,37.16062032897597,-15.916321135468602,8.097843684999873,8.097843684999873,68.82610647149124,-12.770897632452915,32.52367317881181,25.768315712048647,3.0,1,0,0,0,0,0.0,0.0,0.0,92,26.299999237060547,-2.200000047683716,35.0,0,0,0,nan,nan,nan
2026-06-17T14:46:07.142,8.065,training_20260617_144559_grid,SAMPLE,test2,0,13.341963768005371,101.02149963378906,56.219386096117915,4,True,GRID,8,6,37.16062032897597,-15.916321135468602,8.097843684999873,8.097843684999873,68.82610647149124,-12.606720375373328,32.52367317881181,25.768315712048647,3.009000062942505,1,0,0,0,0,0.0,0.0,0.0,92,26.299999237060547,-2.200000047683716,35.0,0,0,0,nan,nan,nan
2026-06-17T14:46:07.358,8.28,training_20260617_144559_grid,SAMPLE,test2,0,13.341963768005371,101.02149963378906,56.23953856926404,4,True,GRID,8,6,37.16062032897597,-15.916321135468602,8.097843684999873,8.097843684999873,68.82610647149124,-12.586567902227216,32.52367317881181,25.768315712048647,3.0169999599456787,1,21,-22,0,0,0.0,0.0,0.0,92,26.299999237060547,-2.200000047683716,35.0,0,0,0,nan,nan,nan
2026-06-17T14:46:07.767,8.69,training_20260617_144559_grid,SAMPLE,test2,0,13.341963768005371,101.02149963378906,56.2788838739779,4,True,GRID,8,6,37.16062032897597,-15.916321135468602,8.097843684999873,8.097843684999873,68.82610647149124,-12.547222597513354,32.52367317881181,25.768315712048647,3.0174999237060547,1,30,-31,0,0,0.0,0.0,0.0,92,26.299999237060547,-2.299999952316284,35.0,0,0,0,nan,nan,nan
2026-06-17T14:46:07.978,8.901,training_20260617_144559_grid,SAMPLE,test2,0,13.341963768005371,101.02149963378906,56.385991485447455,4,True,GRID,8,6,37.16062032897597,-15.916321135468602,8.097843684999873,8.097843684999873,68.82610647149124,-12.440114986043795,32.52367317881181,25.768315712048647,3.022749900817871,1,38,-39,0,0,0.0,0.0,0.0,92,26.299999237060547,-2.299999952316284,35.0,0,0,0,nan,nan,nan
2026-06-17T14:46:08.384,9.307,training_20260617_144559_grid,SAMPLE,test2,0,13.341962814331055,101.02149963378906,56.22691979477244,4,True,GRID,8,6,37.16062032897597,-15.81743654988806,8.097843684999873,8.097843684999873,68.82610647149124,-12.599186676718801,32.44194864832013,25.677171799887624,3.029750108718872,1,43,-44,0,0,0.0,0.0,0.0,92,26.299999237060547,-2.299999952316284,35.0,0,0,0,nan,nan,nan
2026-06-17T14:46:08.589,9.512,training_20260617_144559_grid,SAMPLE,test2,0,13.341962814331055,101.02149963378906,56.4861767001932,4,True,GRID,8,6,37.16062032897597,-15.81743654988806,8.097843684999873,8.097843684999873,68.82610647149124,-12.339929771298046,32.44194864832013,25.677171799887624,3.0415000915527344,1,49,-50,0,0,0.0,0.0,0.0,92,26.299999237060547,-2.299999952316284,35.0,0,0,0,nan,nan,nan
2026-06-17T14:46:08.791,9.714,training_20260617_144559_grid,SAMPLE,test2,0,13.341962814331055,101.02149963378906,56.4861767001932,4,True,GRID,8,6,37.16062032897597,-15.81743654988806,8.097843684999873,8.097843684999873,68.82610647149124,-12.339929771298046,32.44194864832013,25.677171799887624,3.055999994277954,1,0,0,0,0,0.0,0.0,0.0,92,26.200000762939453,-4.800000190734863,35.0,0,0,0,nan,nan,nan
2026-06-17T14:46:08.997,9.92,training_20260617_144559_grid,SAMPLE,test2,0,13.341962814331055,101.02149963378906,56.218211303580674,4,True,GRID,8,6,37.16062032897597,-15.81743654988806,8.097843684999873,8.097843684999873,68.82610647149124,-12.607895167910556,32.44194864832013,25.677171799887624,3.0607500076293945,1,0,0,0,0,0.0,0.0,0.0,92,26.200000762939453,-4.800000190734863,35.0,0,0,0,nan,nan,nan
2026-06-17T14:46:09.198,10.121,training_20260617_144559_grid,SAMPLE,test2,0,13.341962814331055,101.02149963378906,56.158269563424646,4,True,GRID,8,6,37.16062032897597,-15.81743654988806,8.097843684999873,8.097843684999873,68.82610647149124,-12.66783690806659,32.44194864832013,25.677171799887624,3.065999984741211,1,0,0,0,0,0.0,0.0,0.0,92,26.200000762939453,-4.800000190734863,35.0,0,0,0,nan,nan,nan
2026-06-17T14:46:09.401,10.324,training_20260617_144559_grid,SAMPLE,test2,0,13.341962814331055,101.02149963378906,56.16304386565448,4,True,GRID,8,6,37.16062032897597,-15.81743654988806,8.097843684999873,8.097843684999873,68.82610647149124,-12.663062605836757,32.44194864832013,25.677171799887624,3.062000036239624,1,-32,31,0,0,0.0,0.0,0.0,92,26.200000762939453,-4.800000190734863,35.0,0,0,0,nan,nan,nan
2026-06-17T14:46:09.607,10.53,training_20260617_144559_grid,SAMPLE,test2,0,13.341961860656738,101.02149963378906,55.794189744811696,4,True,GRID,8,6,37.16062032897597,-15.718551964307519,8.097843684999873,8.097843684999873,68.82610647149124,-13.031916726679555,32.36036522832064,25.586142718238325,3.052500009536743,1,-51,49,0,0,0.0,0.0,0.0,92,26.200000762939453,-4.800000190734863,35.0,0,0,0,nan,nan,nan
2026-06-17T14:46:09.810,10.733,training_20260617_144559_grid,SAMPLE,test2,0,13.341961860656738,101.02149963378906,56.192577603625615,4,True,GRID,8,6,37.16062032897597,-15.718551964307519,8.097843684999873,8.097843684999873,68.82610647149124,-12.633528867865635,32.36036522832064,25.586142718238325,3.0325000286102295,1,-39,38,0,0,0.0,0.0,0.0,92,26.299999237060547,-4.0,35.0,0,0,0,nan,nan,nan
2026-06-17T14:46:10.011,10.934,training_20260617_144559_grid,SAMPLE,test2,0,13.341961860656738,101.02149963378906,56.192577603625615,4,True,GRID,8,6,37.16062032897597,-15.718551964307519,8.097843684999873,8.097843684999873,68.82610647149124,-12.633528867865635,32.36036522832064,25.586142718238325,3.005500078201294,1,0,0,0,0,0.0,0.0,0.0,92,26.299999237060547,-4.0,35.0,0,0,0,nan,nan,nan
2026-06-17T14:46:10.221,11.144,training_20260617_144559_grid,SAMPLE,test2,0,13.341961860656738,101.02149963378906,55.78952814070317,4,True,GRID,8,6,37.16062032897597,-15.718551964307519,8.097843684999873,8.097843684999873,68.82610647149124,-13.036578330788075,32.36036522832064,25.586142718238325,2.98799991607666,1,100,-101,0,0,0.0,0.0,0.0,92,26.299999237060547,-4.0,35.0,0,0,0,nan,nan,nan
2026-06-17T14:46:10.622,11.544,training_20260617_144559_grid,SAMPLE,test2,0,13.341961860656738,101.02149963378906,56.22570402110018,4,True,GRID,8,6,37.16062032897597,-15.718551964307519,8.097843684999873,8.097843684999873,68.82610647149124,-12.600402450391073,32.36036522832064,25.586142718238325,3.052999973297119,1,0,0,0,0,0.0,0.0,0.0,92,26.299999237060547,-4.0,35.0,0,0,0,nan,nan,nan
2026-06-17T14:46:10.827,11.75,training_20260617_144559_grid,SAMPLE,test2,0,13.341961860656738,101.02149963378906,56.40850037385723,4,True,GRID,8,6,37.16062032897597,-15.718551964307519,8.097843684999873,8.097843684999873,68.82610647149124,-12.417606097634007,32.36036522832064,25.586142718238325,3.0777499675750732,1,0,0,0,0,0.0,0.0,0.0,92,26.299999237060547,-9.0,35.0,0,0,0,nan,nan,nan
2026-06-17T14:46:11.031,11.954,training_20260617_144559_grid,SAMPLE,test2,0,13.341961860656738,101.02149963378906,56.40850037385723,4,True,GRID,8,6,37.16062032897597,-15.718551964307519,8.097843684999873,8.097843684999873,68.82610647149124,-12.417606097634007,32.36036522832064,25.586142718238325,3.0834999084472656,1,42,-43,0,0,0.0,0.0,0.0,92,26.299999237060547,-9.0,35.0,0,0,0,nan,nan,nan
2026-06-17T14:46:11.232,12.155,training_20260617_144559_grid,SAMPLE,test2,0,13.341961860656738,101.02149963378906,56.40721629829327,4,True,GRID,8,6,37.16062032897597,-15.718551964307519,8.097843684999873,8.097843684999873,68.82610647149124,-12.41889017319798,32.36036522832064,25.586142718238325,3.0924999713897705,1,74,-75,0,0,0.0,0.0,0.0,92,26.299999237060547,-9.0,35.0,0,0,0,nan,nan,nan
2026-06-17T14:46:11.443,12.366,training_20260617_144559_grid,SAMPLE,test2,0,13.341961860656738,101.02149963378906,56.743504077173434,4,True,GRID,8,6,37.16062032897597,-15.718551964307519,8.097843684999873,8.097843684999873,68.82610647149124,-12.082602394317803,32.36036522832064,25.586142718238325,3.119499921798706,1,55,-56,0,0,0.0,0.0,0.0,92,26.299999237060547,-9.0,35.0,0,0,0,nan,nan,nan
2026-06-17T14:46:11.855,12.778,training_20260617_144559_grid,SAMPLE,test2,0,13.341960906982422,101.02149963378906,56.55988127152681,4,True,GRID,8,6,37.16062032897597,-15.619667378726968,8.097843684999873,8.097843684999873,68.82610647149124,-12.266225199964424,32.27892398876319,25.495229697085716,-1.0,1,0,0,0,0,0.0,0.0,0.0,92,26.299999237060547,-9.0,35.0,0,0,0,nan,nan,nan
2026-06-17T14:46:12.063,12.986,training_20260617_144559_grid,SAMPLE,test2,0,13.341960906982422,101.02149963378906,55.930964282941204,4,True,GRID,8,6,37.16062032897597,-15.619667378726968,8.097843684999873,8.097843684999873,68.82610647149124,-12.89514218855004,32.27892398876319,25.495229697085716,3.1445000171661377,1,-87,86,0,0,0.0,0.0,0.0,92,26.299999237060547,-5.800000190734863,35.0,0,0,0,nan,nan,nan
2026-06-17T14:46:12.263,13.186,training_20260617_144559_grid,SAMPLE,test2,0,13.341960906982422,101.02149963378906,55.930964282941204,4,True,GRID,8,6,37.16062032897597,-15.619667378726968,8.097843684999873,8.097843684999873,68.82610647149124,-12.89514218855004,32.27892398876319,25.495229697085716,3.0850000381469727,1,0,0,0,0,0.0,0.0,0.0,92,26.299999237060547,-5.800000190734863,35.0,0,0,0,nan,nan,nan
2026-06-17T14:46:12.467,13.39,training_20260617_144559_grid,SAMPLE,test2,0,13.341960906982422,101.02149963378906,56.19966392488951,4,True,GRID,8,6,37.16062032897597,-15.619667378726968,8.097843684999873,8.097843684999873,68.82610647149124,-12.626442546601737,32.27892398876319,25.495229697085716,3.0799999237060547,1,115,-116,0,0,0.0,0.0,0.0,92,26.299999237060547,-5.800000190734863,35.0,0,0,0,nan,nan,nan
2026-06-17T14:46:12.668,13.591,training_20260617_144559_grid,SAMPLE,test2,0,13.341960906982422,101.02149963378906,56.82436327166263,4,True,GRID,8,6,37.16062032897597,-15.619667378726968,8.097843684999873,8.097843684999873,68.82610647149124,-12.00174319982861,32.27892398876319,25.495229697085716,3.1089999675750732,1,0,0,0,0,0.0,0.0,0.0,92,26.0,-9.0,35.0,0,0,0,nan,nan,nan
2026-06-17T14:46:12.878,13.8,training_20260617_144559_grid,SAMPLE,test2,0,13.341960906982422,101.02149963378906,56.13499227873324,4,True,GRID,8,6,37.16062032897597,-15.619667378726968,8.097843684999873,8.097843684999873,68.82610647149124,-12.691114192757993,32.27892398876319,25.495229697085716,3.134000062942505,1,-19,18,0,0,0.0,0.0,0.0,92,26.0,-9.0,35.0,0,0,0,nan,nan,nan
2026-06-17T14:46:13.085,14.008,training_20260617_144559_grid,SAMPLE,test2,0,13.341960906982422,101.02149963378906,55.73538181605789,4,True,GRID,8,6,37.16062032897597,-15.619667378726968,8.097843684999873,8.097843684999873,68.82610647149124,-13.090724655433348,32.27892398876319,25.495229697085716,3.133500099182129,1,-37,36,0,0,0.0,0.0,0.0,92,26.0,-9.0,35.0,0,0,0,nan,nan,nan
2026-06-17T14:46:13.477,14.4,training_20260617_144559_grid,SAMPLE,test2,0,13.341960906982422,101.02149963378906,55.95853434152596,4,True,GRID,8,6,37.16062032897597,-15.619667378726968,8.097843684999873,8.097843684999873,68.82610647149124,-12.867572129965282,32.27892398876319,25.495229697085716,3.0999999046325684,1,0,0,0,0,0.0,0.0,0.0,92,26.0,-9.0,35.0,0,0,0,nan,nan,nan
2026-06-17T14:46:13.680,14.603,training_20260617_144559_grid,SAMPLE,test2,0,13.341960906982422,101.02149963378906,57.40272661510638,4,True,GRID,8,6,37.16062032897597,-15.619667378726968,8.097843684999873,8.097843684999873,68.82610647149124,-11.423379856384855,32.27892398876319,25.495229697085716,3.140000104904175,1,-111,110,0,0,0.0,0.0,0.0,92,25.899999618530273,-17.5,35.0,0,0,0,nan,nan,nan
2026-06-17T14:46:13.882,14.805,training_20260617_144559_grid,SAMPLE,test2,0,13.341960906982422,101.02149963378906,56.0791520671738,4,True,GRID,8,6,37.16062032897597,-15.619667378726968,8.097843684999873,8.097843684999873,68.82610647149124,-12.74695440431745,32.27892398876319,25.495229697085716,3.123500108718872,1,-27,26,0,0,0.0,0.0,0.0,92,25.899999618530273,-17.5,35.0,0,0,0,nan,nan,nan
2026-06-17T14:46:14.087,15.01,training_20260617_144559_grid,SAMPLE,test2,0,13.341960906982422,101.02149963378906,56.005946099649606,4,True,GRID,8,6,37.16062032897597,-15.619667378726968,8.097843684999873,8.097843684999873,68.82610647149124,-12.820160371841638,32.27892398876319,25.495229697085716,3.0840001106262207,1,0,0,0,0,0.0,0.0,0.0,92,25.899999618530273,-17.5,35.0,0,0,0,nan,nan,nan
2026-06-17T14:46:14.294,15.217,training_20260617_144559_grid,SAMPLE,test2,0,13.341960906982422,101.02149963378906,56.005946099649606,4,True,GRID,8,6,37.16062032897597,-15.619667378726968,8.097843684999873,8.097843684999873,68.82610647149124,-12.820160371841638,32.27892398876319,25.495229697085716,3.0820000171661377,1,140,-141,0,0,0.0,0.0,0.0,92,25.899999618530273,-17.5,35.0,0,0,0,nan,nan,nan
2026-06-17T14:46:14.699,15.622,training_20260617_144559_grid,SAMPLE,test2,0,13.341960906982422,101.02149963378906,56.87525842626298,4,True,GRID,8,6,37.16062032897597,-15.619667378726968,8.097843684999873,8.097843684999873,68.82610647149124,-11.95084804522827,32.27892398876319,25.495229697085716,3.1440000534057617,1,-122,121,0,0,0.0,0.0,0.0,92,26.200000762939453,-16.899999618530273,35.0,0,0,0,nan,nan,nan
2026-06-17T14:46:14.900,15.823,training_20260617_144559_grid,SAMPLE,test2,0,13.341960906982422,101.02149963378906,56.023339176371046,4,True,GRID,8,6,37.16062032897597,-15.619667378726968,8.097843684999873,8.097843684999873,68.82610647149124,-12.80276729512019,32.27892398876319,25.495229697085716,3.128999948501587,1,0,0,0,0,0.0,0.0,0.0,92,26.200000762939453,-16.899999618530273,35.0,0,0,0,nan,nan,nan
2026-06-17T14:46:15.101,16.024,training_20260617_144559_grid,SAMPLE,test2,0,13.341960906982422,101.02149963378906,56.45193354678934,4,True,GRID,8,6,37.16062032897597,-15.619667378726968,8.097843684999873,8.097843684999873,68.82610647149124,-12.374172924701895,32.27892398876319,25.495229697085716,3.121000051498413,1,55,56,0,0,0.0,0.0,0.0,92,26.200000762939453,-16.899999618530273,35.0,0,0,0,nan,nan,nan
2026-06-17T14:46:15.310,16.233,training_20260617_144559_grid,SAMPLE,test2,0,13.341960906982422,101.02149963378906,61.236040513181806,4,True,GRID,8,6,37.16062032897597,-15.619667378726968,8.097843684999873,8.097843684999873,68.82610647149124,-7.590065958309424,32.27892398876319,25.495229697085716,3.128999948501587,1,0,0,0,0,0.0,0.0,0.0,92,26.200000762939453,-16.899999618530273,35.0,0,0,0,nan,nan,nan
2026-06-17T14:46:15.511,16.434,training_20260617_144559_grid,SAMPLE,test2,0,13.341960906982422,101.02149963378906,61.236040513181806,4,True,GRID,8,6,37.16062032897597,-15.619667378726968,8.097843684999873,8.097843684999873,68.82610647149124,-7.590065958309424,32.27892398876319,25.495229697085716,3.125,1,0,0,0,0,0.0,0.0,0.0,92,26.200000762939453,-16.899999618530273,35.0,0,0,0,nan,nan,nan
2026-06-17T14:46:15.713,16.635,training_20260617_144559_grid,SAMPLE,test2,0,13.341960906982422,101.02149963378906,59.808353391730726,4,True,GRID,8,6,37.16062032897597,-15.619667378726968,8.097843684999873,8.097843684999873,68.82610647149124,-9.017753079760524,32.27892398876319,25.495229697085716,3.125,1,-38,-32,0,0,0.0,0.0,0.0,92,26.200000762939453,-19.899999618530273,35.0,0,0,0,nan,nan,nan
2026-06-17T14:46:15.918,16.841,training_20260617_144559_grid,SAMPLE,test2,0,13.341960906982422,101.02149963378906,58.48796171195137,4,True,GRID,8,6,37.16062032897597,-15.619667378726968,8.097843684999873,8.097843684999873,68.82610647149124,-10.338144759539887,32.27892398876319,25.495229697085716,3.115499973297119,1,-62,-62,0,0,0.0,0.0,0.0,92,26.200000762939453,-19.899999618530273,35.0,0,0,0,nan,nan,nan
2026-06-17T14:46:16.129,17.052,training_20260617_144559_grid,SAMPLE,test2,0,13.341961860656738,101.02149963378906,52.82755855051919,4,True,GRID,8,6,37.16062032897597,-15.718551964307519,8.097843684999873,8.097843684999873,68.82610647149124,-15.998547920972044,32.36036522832064,25.586142718238325,3.1054999828338623,1,0,0,0,0,0.0,0.0,0.0,92,26.200000762939453,-19.899999618530273,35.0,0,0,0,nan,nan,nan
2026-06-17T14:46:16.527,17.45,training_20260617_144559_grid,SAMPLE,test2,0,13.341961860656738,101.02149963378906,53.44751433091374,4,True,GRID,8,6,37.16062032897597,-15.718551964307519,8.097843684999873,8.097843684999873,68.82610647149124,-15.378592140577496,32.36036522832064,25.586142718238325,3.0934998989105225,1,169,169,0,0,0.0,0.0,0.0,92,26.200000762939453,-19.899999618530273,35.0,0,0,0,nan,nan,nan
2026-06-17T14:46:16.731,17.654,training_20260617_144559_grid,SAMPLE,test2,0,13.341961860656738,101.02149963378906,55.549757764984456,4,True,GRID,8,6,37.16062032897597,-15.718551964307519,8.097843684999873,8.097843684999873,68.82610647149124,-13.27634870650678,32.36036522832064,25.586142718238325,3.1054999828338623,1,0,0,0,0,0.0,0.0,0.0,92,25.799999237060547,-11.100000381469727,35.0,0,0,0,nan,nan,nan
2026-06-17T14:46:16.935,17.858,training_20260617_144559_grid,SAMPLE,test2,0,13.341961860656738,101.02149963378906,56.9424674876959,4,True,GRID,8,6,37.16062032897597,-15.718551964307519,8.097843684999873,8.097843684999873,68.82610647149124,-11.88363898379535,32.36036522832064,25.586142718238325,3.1050000190734863,1,0,0,0,0,0.0,0.0,0.0,92,25.799999237060547,-11.100000381469727,35.0,0,0,0,nan,nan,nan
2026-06-17T14:46:17.159,18.082,training_20260617_144559_grid,SAMPLE,test2,0,13.341961860656738,101.02149963378906,57.11560936806114,4,True,GRID,8,6,37.16062032897597,-15.718551964307519,8.097843684999873,8.097843684999873,68.82610647149124,-11.7104971034301,32.36036522832064,25.586142718238325,3.1075000762939453,1,0,0,0,0,0.0,0.0,0.0,92,25.799999237060547,-11.100000381469727,35.0,0,0,0,nan,nan,nan
2026-06-17T14:46:17.371,18.293,training_20260617_144559_grid,SAMPLE,test2,0,13.341961860656738,101.02149963378906,57.08426904505454,4,True,GRID,8,6,37.16062032897597,-15.718551964307519,8.097843684999873,8.097843684999873,68.82610647149124,-11.741837426436689,32.36036522832064,25.586142718238325,3.1102499961853027,1,0,0,0,0,0.0,0.0,0.0,92,25.799999237060547,-11.100000381469727,35.0,0,0,0,nan,nan,nan
2026-06-17T14:46:17.571,18.494,training_20260617_144559_grid,SAMPLE,test2,0,13.341961860656738,101.02149963378906,57.024081418088386,4,True,GRID,8,6,37.16062032897597,-15.718551964307519,8.097843684999873,8.097843684999873,68.82610647149124,-11.802025053402872,32.36036522832064,25.586142718238325,3.1072499752044678,1,0,0,0,0,0.0,0.0,0.0,92,25.799999237060547,-11.100000381469727,35.0,0,0,0,nan,nan,nan
2026-06-17T14:46:17.776,18.699,training_20260617_144559_grid,SAMPLE,test2,0,13.341961860656738,101.02149963378906,57.024081418088386,4,True,GRID,8,6,37.16062032897597,-15.718551964307519,8.097843684999873,8.097843684999873,68.82610647149124,-11.802025053402872,32.36036522832064,25.586142718238325,3.1077499389648438,1,0,0,0,0,0.0,0.0,0.0,92,26.299999237060547,-4.900000095367432,35.0,0,0,0,nan,nan,nan
2026-06-17T14:46:17.985,18.908,training_20260617_144559_grid,SAMPLE,test2,0,13.341961860656738,101.02149963378906,57.021701097162634,4,True,GRID,8,6,37.16062032897597,-15.718551964307519,8.097843684999873,8.097843684999873,68.82610647149124,-11.80440537432861,32.36036522832064,25.586142718238325,3.1075000762939453,1,0,0,0,0,0.0,0.0,0.0,92,26.299999237060547,-4.900000095367432,35.0,0,0,0,nan,nan,nan
2026-06-17T14:46:18.189,19.112,training_20260617_144559_grid,SAMPLE,test2,0,13.341961860656738,101.02149963378906,57.032759173428886,4,True,GRID,8,6,37.16062032897597,-15.718551964307519,8.097843684999873,8.097843684999873,68.82610647149124,-11.793347298062372,32.36036522832064,25.586142718238325,3.1105000972747803,1,0,0,0,0,0.0,0.0,0.0,92,26.299999237060547,-4.900000095367432,35.0,0,0,0,nan,nan,nan
2026-06-17T14:46:18.390,19.313,training_20260617_144559_grid,SAMPLE,test2,0,13.341961860656738,101.02149963378906,57.023063719902055,4,True,GRID,8,6,37.16062032897597,-15.718551964307519,8.097843684999873,8.097843684999873,68.82610647149124,-11.803042751589203,32.36036522832064,25.586142718238325,3.1075000762939453,1,0,0,0,0,0.0,0.0,0.0,92,26.299999237060547,-4.900000095367432,35.0,0,0,0,nan,nan,nan
2026-06-17T14:46:18.590,19.513,training_20260617_144559_grid,SAMPLE,test2,0,13.341961860656738,101.02149963378906,57.01101868130073,4,True,GRID,8,6,37.16062032897597,-15.718551964307519,8.097843684999873,8.097843684999873,68.82610647149124,-11.815087790190518,32.36036522832064,25.586142718238325,3.1077499389648438,1,0,0,0,0,0.0,0.0,0.0,92,26.299999237060547,-4.900000095367432,35.0,0,0,0,nan,nan,nan
2026-06-17T14:46:18.792,19.715,training_20260617_144559_grid,SAMPLE,test2,0,13.341961860656738,101.02149963378906,57.01101868130073,4,True,GRID,8,6,37.16062032897597,-15.718551964307519,8.097843684999873,8.097843684999873,68.82610647149124,-11.815087790190518,32.36036522832064,25.586142718238325,3.1040000915527344,1,0,0,0,0,0.0,0.0,0.0,92,26.299999237060547,-1.399999976158142,35.0,0,0,0,nan,nan,nan
2026-06-17T14:46:19.197,20.12,training_20260617_144559_grid,SAMPLE,test2,0,13.341961860656738,101.02149963378906,57.01276037953909,4,True,GRID,8,6,37.16062032897597,-15.718551964307519,8.097843684999873,8.097843684999873,68.82610647149124,-11.813346091952155,32.36036522832064,25.586142718238325,3.1034998893737793,1,0,0,0,0,0.0,0.0,0.0,92,26.0,-1.399999976158142,35.0,0,0,0,nan,nan,nan
2026-06-17T14:46:19.403,20.326,training_20260617_144559_grid,SAMPLE,test2,0,13.341961860656738,101.02149963378906,57.00233068067648,4,True,GRID,8,6,37.16062032897597,-15.718551964307519,8.097843684999873,8.097843684999873,68.82610647149124,-11.82377579081475,32.36036522832064,25.586142718238325,3.106250047683716,1,0,0,0,0,0.0,0.0,0.0,92,26.299999237060547,-1.399999976158142,35.0,0,0,0,nan,nan,nan
2026-06-17T14:46:19.607,20.53,training_20260617_144559_grid,SAMPLE,test2,0,13.341961860656738,101.02149963378906,57.00177743535371,4,True,GRID,8,6,37.16062032897597,-15.718551964307519,8.097843684999873,8.097843684999873,68.82610647149124,-11.824329036137527,32.36036522832064,25.586142718238325,3.1054999828338623,1,0,0,0,0,0.0,0.0,0.0,92,26.299999237060547,-1.0,35.0,0,0,0,nan,nan,nan
2026-06-17T14:46:19.811,20.734,training_20260617_144559_grid,SAMPLE,test2,0,13.341961860656738,101.02149963378906,57.000657284329826,4,True,GRID,8,6,37.16062032897597,-15.718551964307519,8.097843684999873,8.097843684999873,68.82610647149124,-11.82544918716141,32.36036522832064,25.586142718238325,3.1082499027252197,1,0,0,0,0,0.0,0.0,0.0,92,26.299999237060547,-1.399999976158142,35.0,0,0,0,nan,nan,nan
2026-06-17T14:46:20.015,20.938,training_20260617_144559_grid,SAMPLE,test2,0,13.341961860656738,101.02149963378906,57.000657284329826,4,True,GRID,8,6,37.16062032897597,-15.718551964307519,8.097843684999873,8.097843684999873,68.82610647149124,-11.82544918716141,32.36036522832064,25.586142718238325,3.104749917984009,1,0,0,0,0,0.0,0.0,0.0,92,26.299999237060547,-1.399999976158142,35.0,0,0,0,nan,nan,nan
